-- phpMyAdmin SQL Dump
-- version 4.6.5.2
-- https://www.phpmyadmin.net/
--
-- Host: 127.0.0.1
-- Generation Time: Apr 16, 2017 at 06:27 AM
-- Server version: 10.1.21-MariaDB
-- PHP Version: 7.1.1

SET SQL_MODE = "NO_AUTO_VALUE_ON_ZERO";
SET time_zone = "+00:00";


/*!40101 SET @OLD_CHARACTER_SET_CLIENT=@@CHARACTER_SET_CLIENT */;
/*!40101 SET @OLD_CHARACTER_SET_RESULTS=@@CHARACTER_SET_RESULTS */;
/*!40101 SET @OLD_COLLATION_CONNECTION=@@COLLATION_CONNECTION */;
/*!40101 SET NAMES utf8mb4 */;

--
-- Database: `database3`
--

-- --------------------------------------------------------

--
-- Table structure for table `contacts`
--

CREATE TABLE `contacts` (
  `ID` int(11) NOT NULL,
  `NAMEID` int(11) NOT NULL,
  `NUMBERID` int(11) NOT NULL
) ENGINE=InnoDB DEFAULT CHARSET=latin1;

--
-- Dumping data for table `contacts`
--

INSERT INTO `contacts` (`ID`, `NAMEID`, `NUMBERID`) VALUES
(1, 1, 1),
(2, 2, 2),
(3, 3, 3),
(4, 4, 4),
(5, 5, 5),
(6, 6, 6),
(7, 7, 7),
(8, 8, 8),
(9, 9, 9),
(10, 10, 10),
(11, 11, 11),
(12, 12, 12),
(13, 13, 13),
(14, 14, 14),
(15, 15, 15),
(16, 16, 16),
(17, 17, 17),
(18, 18, 18),
(19, 19, 19),
(20, 20, 20),
(21, 21, 21),
(22, 22, 22),
(23, 23, 23),
(24, 24, 24),
(25, 25, 25),
(26, 26, 26),
(27, 20, 27),
(28, 27, 27),
(29, 28, 28),
(30, 29, 29),
(31, 30, 30),
(32, 31, 31),
(33, 32, 32),
(34, 33, 33),
(35, 34, 34),
(36, 35, 35),
(37, 36, 36),
(38, 37, 37),
(39, 38, 38),
(40, 39, 39),
(41, 40, 40),
(42, 41, 41),
(43, 42, 42),
(44, 43, 43),
(45, 44, 44),
(46, 45, 45),
(47, 46, 46),
(48, 47, 47),
(49, 48, 48),
(50, 49, 49),
(51, 50, 50),
(52, 51, 51),
(53, 52, 52),
(54, 53, 53),
(55, 54, 54),
(56, 55, 55),
(57, 56, 56),
(58, 57, 57),
(59, 58, 58),
(60, 59, 59),
(61, 60, 60),
(62, 61, 61),
(63, 62, 62),
(64, 63, 63),
(65, 64, 64),
(66, 65, 65),
(67, 66, 66),
(68, 67, 67),
(69, 68, 68),
(70, 69, 69),
(71, 70, 70),
(72, 71, 71),
(73, 72, 72),
(74, 73, 73),
(75, 74, 74),
(76, 75, 75),
(77, 76, 76),
(78, 77, 77),
(79, 78, 78),
(80, 79, 79),
(81, 80, 80),
(82, 81, 81),
(83, 82, 82),
(84, 83, 83),
(85, 84, 84),
(86, 85, 85),
(87, 86, 86),
(88, 87, 87),
(89, 88, 88),
(90, 89, 89),
(91, 90, 90),
(92, 91, 91),
(93, 92, 92),
(94, 93, 93),
(95, 94, 94),
(96, 95, 95),
(97, 96, 96),
(98, 97, 97),
(99, 98, 98),
(100, 99, 99),
(101, 100, 100),
(102, 101, 101),
(103, 102, 102),
(104, 103, 103),
(105, 104, 104),
(106, 105, 105),
(107, 106, 106),
(108, 107, 107),
(109, 108, 108),
(110, 109, 109),
(111, 110, 110),
(112, 111, 111),
(113, 112, 112),
(114, 113, 113),
(115, 114, 114),
(116, 115, 115),
(117, 116, 116),
(118, 117, 117),
(119, 118, 118),
(120, 119, 119),
(121, 120, 120),
(122, 121, 121),
(123, 122, 122),
(124, 123, 123),
(125, 124, 124),
(126, 125, 125),
(127, 126, 126),
(128, 127, 127),
(129, 128, 128),
(130, 129, 129),
(131, 130, 130),
(132, 131, 131),
(133, 132, 132),
(134, 133, 133),
(135, 134, 134),
(136, 135, 135),
(137, 136, 135),
(138, 137, 136),
(139, 138, 137),
(140, 139, 138),
(141, 140, 139),
(142, 141, 140),
(143, 142, 141),
(144, 143, 142),
(145, 144, 143),
(146, 145, 144),
(147, 146, 145),
(148, 147, 146),
(149, 148, 147),
(150, 149, 148),
(151, 150, 149),
(152, 151, 150),
(153, 152, 151),
(154, 153, 152),
(155, 154, 153),
(156, 155, 154),
(157, 156, 155),
(158, 157, 156),
(159, 158, 157),
(160, 159, 158),
(161, 160, 159),
(162, 161, 160),
(163, 162, 161),
(164, 163, 162),
(165, 164, 163),
(166, 165, 164),
(167, 166, 165),
(168, 167, 166),
(169, 168, 167),
(170, 169, 168),
(171, 170, 169),
(172, 171, 170),
(173, 172, 171),
(174, 173, 172),
(175, 174, 173),
(176, 175, 174),
(177, 176, 175),
(178, 177, 176),
(179, 178, 177),
(180, 179, 178),
(181, 180, 179),
(182, 181, 180),
(183, 182, 181),
(184, 183, 182),
(185, 184, 183),
(186, 185, 184),
(187, 186, 185),
(188, 187, 186),
(189, 188, 187),
(190, 189, 188),
(191, 190, 189),
(192, 191, 190),
(193, 192, 191),
(194, 193, 192),
(195, 194, 193),
(196, 195, 194),
(197, 196, 194),
(198, 197, 195),
(199, 198, 196),
(200, 199, 197),
(201, 200, 198),
(202, 201, 199),
(203, 202, 200),
(204, 203, 201),
(205, 204, 202),
(206, 205, 203),
(207, 206, 204),
(208, 207, 205),
(209, 208, 206),
(210, 209, 207),
(211, 210, 208),
(212, 211, 209),
(213, 212, 210),
(214, 213, 211),
(215, 214, 212),
(216, 215, 213),
(217, 216, 214),
(218, 217, 215),
(219, 218, 216),
(220, 219, 217),
(221, 220, 218),
(222, 221, 219),
(223, 222, 220),
(224, 223, 221),
(225, 224, 222),
(226, 225, 223),
(227, 226, 224),
(228, 227, 225),
(229, 228, 226),
(230, 229, 227),
(231, 92, 228),
(232, 230, 228),
(233, 231, 229),
(234, 232, 230),
(235, 233, 231),
(236, 234, 232),
(237, 235, 233),
(238, 236, 234),
(239, 237, 235),
(240, 238, 236),
(241, 239, 237),
(242, 240, 238),
(243, 241, 239),
(244, 242, 240),
(245, 243, 241),
(246, 244, 242),
(247, 245, 243),
(248, 246, 244),
(249, 247, 245),
(250, 248, 246),
(251, 249, 247),
(252, 250, 248),
(253, 89, 249),
(254, 251, 249),
(255, 252, 250),
(256, 91, 251),
(257, 253, 251),
(258, 254, 252),
(259, 255, 253),
(260, 256, 254),
(261, 257, 255),
(262, 258, 256),
(263, 259, 257),
(264, 260, 258),
(265, 261, 259),
(266, 262, 260),
(267, 263, 261),
(268, 264, 262),
(269, 265, 263),
(270, 266, 264),
(271, 267, 265),
(272, 268, 1),
(273, 269, 266),
(274, 270, 267),
(275, 271, 268),
(276, 272, 269),
(277, 273, 270),
(278, 274, 271),
(279, 275, 272),
(280, 276, 273),
(281, 277, 274),
(282, 278, 275),
(283, 279, 276),
(284, 280, 277),
(285, 281, 278),
(286, 282, 279),
(287, 283, 280),
(288, 284, 281),
(289, 285, 282),
(290, 286, 283),
(291, 287, 284),
(292, 288, 285),
(293, 289, 286),
(294, 290, 287),
(295, 291, 288),
(296, 292, 289),
(297, 293, 290),
(298, 294, 291),
(299, 295, 13),
(300, 296, 292),
(301, 297, 14),
(302, 298, 293),
(303, 299, 294),
(304, 300, 295),
(305, 301, 296),
(306, 275, 272),
(307, 302, 272),
(308, 303, 297),
(309, 304, 298),
(310, 305, 299),
(311, 306, 22),
(312, 307, 300),
(313, 308, 301),
(314, 309, 302),
(315, 310, 303),
(316, 311, 304),
(317, 312, 305),
(318, 313, 306),
(319, 314, 307),
(320, 315, 308),
(321, 316, 309),
(322, 317, 310),
(323, 318, 311),
(324, 319, 312),
(325, 320, 313),
(326, 321, 314),
(327, 322, 315),
(328, 323, 316),
(329, 324, 317),
(330, 325, 318),
(331, 326, 319),
(332, 327, 320),
(333, 328, 321),
(334, 329, 322),
(335, 330, 323),
(336, 331, 324),
(337, 332, 325),
(338, 333, 326),
(339, 334, 327),
(340, 335, 328),
(341, 336, 329),
(342, 337, 330),
(343, 338, 331),
(344, 339, 332),
(345, 340, 333),
(346, 341, 334),
(347, 342, 335),
(348, 343, 336),
(349, 344, 337),
(350, 345, 338),
(351, 346, 339),
(352, 347, 340),
(353, 348, 341),
(354, 349, 342),
(355, 350, 343),
(356, 351, 344),
(357, 352, 345),
(358, 353, 346),
(359, 354, 347),
(360, 355, 348),
(361, 356, 349),
(362, 357, 350),
(363, 358, 351),
(364, 359, 352),
(365, 360, 353),
(366, 361, 354),
(367, 362, 355),
(368, 363, 356),
(369, 364, 357),
(370, 365, 358),
(371, 366, 359),
(372, 367, 360),
(373, 368, 361),
(374, 369, 362),
(375, 370, 363),
(376, 371, 364),
(377, 372, 365),
(378, 373, 366),
(379, 374, 367),
(380, 375, 368),
(381, 376, 369),
(382, 377, 370),
(383, 378, 371),
(384, 379, 372),
(385, 380, 373),
(386, 381, 374),
(387, 382, 375),
(388, 383, 376),
(389, 384, 377),
(390, 385, 378),
(391, 386, 379),
(392, 387, 380),
(393, 388, 381),
(394, 389, 382),
(395, 276, 273),
(396, 390, 273),
(397, 277, 274),
(398, 391, 274),
(399, 278, 275),
(400, 392, 275),
(401, 393, 383),
(402, 394, 384),
(403, 395, 385),
(404, 396, 386),
(405, 397, 387),
(406, 398, 388),
(407, 399, 389),
(408, 400, 390),
(409, 401, 391),
(410, 402, 392),
(411, 403, 393),
(412, 404, 394),
(413, 405, 394),
(414, 406, 395),
(415, 279, 276),
(416, 407, 276),
(417, 408, 396),
(418, 409, 397),
(419, 410, 398),
(420, 411, 399),
(421, 412, 400),
(422, 413, 401),
(423, 414, 402),
(424, 415, 403),
(425, 416, 404),
(426, 417, 405),
(427, 418, 406),
(428, 419, 407),
(429, 420, 408),
(430, 421, 409),
(431, 422, 410),
(432, 423, 411),
(433, 424, 412),
(434, 425, 413),
(435, 426, 414),
(436, 427, 415),
(437, 428, 416),
(438, 280, 277),
(439, 429, 277),
(440, 430, 417),
(441, 281, 278),
(442, 431, 278),
(443, 432, 418),
(444, 433, 419),
(445, 434, 420),
(446, 435, 421),
(447, 436, 422),
(448, 437, 423),
(449, 438, 424),
(450, 439, 425),
(451, 440, 426),
(452, 441, 427),
(453, 442, 428),
(454, 282, 279),
(455, 443, 279),
(456, 444, 429),
(457, 445, 430),
(458, 446, 431),
(459, 447, 432),
(460, 283, 280),
(461, 448, 280),
(462, 449, 433),
(463, 450, 434),
(464, 451, 435),
(465, 452, 436),
(466, 453, 437),
(467, 454, 438),
(468, 455, 439),
(469, 456, 440),
(470, 457, 441),
(471, 458, 442),
(472, 459, 443),
(473, 460, 444),
(474, 461, 445),
(475, 462, 446),
(476, 463, 447),
(477, 464, 449),
(478, 465, 450),
(479, 466, 451),
(480, 467, 452),
(481, 468, 453),
(482, 469, 454),
(483, 470, 455),
(484, 471, 456),
(485, 472, 457),
(486, 473, 458),
(487, 474, 459),
(488, 475, 460),
(489, 476, 461),
(490, 477, 462),
(491, 478, 463),
(492, 479, 464),
(493, 480, 465),
(494, 481, 466),
(495, 284, 281),
(496, 482, 281),
(497, 483, 467),
(498, 484, 468),
(499, 485, 469),
(500, 285, 282),
(501, 486, 282),
(502, 487, 470),
(503, 488, 471),
(504, 489, 472),
(505, 490, 473),
(506, 491, 474),
(507, 492, 475),
(508, 493, 476),
(509, 494, 477),
(510, 495, 478),
(511, 496, 479),
(512, 497, 480),
(513, 498, 481),
(514, 499, 482),
(515, 500, 483),
(516, 501, 484),
(517, 502, 485),
(518, 503, 108),
(519, 504, 486),
(520, 505, 487),
(521, 506, 488),
(522, 507, 489),
(523, 496, 479),
(524, 508, 479),
(525, 509, 490),
(526, 510, 491),
(527, 511, 492),
(528, 512, 493),
(529, 513, 494),
(530, 514, 120),
(531, 515, 495),
(532, 516, 496),
(533, 517, 497),
(534, 518, 498),
(535, 519, 499),
(536, 520, 500),
(537, 521, 501),
(538, 522, 502),
(539, 523, 130),
(540, 524, 503),
(541, 525, 504),
(542, 526, 505),
(543, 527, 506),
(544, 528, 507),
(545, 529, 508),
(546, 530, 142),
(547, 531, 509),
(548, 352, 145),
(549, 532, 145),
(550, 533, 510),
(551, 534, 511),
(552, 534, 511),
(553, 535, 511),
(554, 536, 512),
(555, 537, 513),
(556, 538, 514),
(557, 539, 515),
(558, 540, 516),
(559, 541, 517),
(560, 542, 518),
(561, 543, 519),
(562, 544, 520),
(563, 545, 520),
(564, 546, 521),
(565, 547, 522),
(566, 546, 521),
(567, 548, 521),
(568, 549, 523),
(569, 550, 524),
(570, 549, 523),
(571, 551, 523),
(572, 552, 525),
(573, 553, 526),
(574, 554, 527),
(575, 555, 528),
(576, 553, 526),
(577, 556, 526),
(578, 557, 529),
(579, 558, 530),
(580, 559, 531),
(581, 560, 532),
(582, 560, 532),
(583, 561, 532),
(584, 562, 533),
(585, 563, 534),
(586, 564, 535),
(587, 565, 536),
(588, 566, 537),
(589, 562, 533),
(590, 567, 533),
(591, 568, 538),
(592, 569, 539),
(593, 570, 540),
(594, 571, 541),
(595, 572, 542),
(596, 573, 543),
(597, 574, 544),
(598, 574, 544),
(599, 575, 544),
(600, 576, 545),
(601, 577, 546),
(602, 578, 547),
(603, 579, 548),
(604, 580, 549),
(605, 577, 546),
(606, 581, 546),
(607, 582, 550),
(608, 583, 551),
(609, 584, 552),
(610, 585, 553),
(611, 586, 554),
(612, 587, 555),
(613, 587, 555),
(614, 588, 555),
(615, 589, 556),
(616, 590, 557),
(617, 591, 558),
(618, 592, 559),
(619, 593, 560),
(620, 594, 561),
(621, 595, 562),
(622, 595, 562),
(623, 596, 562),
(624, 597, 563),
(625, 598, 564),
(626, 599, 565),
(627, 600, 566),
(628, 601, 567),
(629, 602, 568),
(630, 603, 569),
(631, 603, 569),
(632, 604, 569),
(633, 605, 170),
(634, 606, 570),
(635, 607, 571),
(636, 608, 572),
(637, 609, 573),
(638, 610, 574),
(639, 611, 575),
(640, 612, 576),
(641, 613, 577),
(642, 614, 578),
(643, 615, 579),
(644, 616, 580),
(645, 617, 581),
(646, 618, 582),
(647, 619, 583),
(648, 620, 584),
(649, 621, 585),
(650, 622, 586),
(651, 623, 587),
(652, 624, 588),
(653, 624, 588),
(654, 625, 588),
(655, 626, 589),
(656, 627, 590),
(657, 628, 591),
(658, 629, 592),
(659, 630, 593),
(660, 631, 594),
(661, 632, 183),
(662, 633, 595),
(663, 634, 596),
(664, 634, 596),
(665, 635, 596),
(666, 636, 597),
(667, 637, 598),
(668, 638, 599),
(669, 638, 599),
(670, 639, 599),
(671, 640, 600),
(672, 641, 601),
(673, 642, 602),
(674, 642, 602),
(675, 643, 602),
(676, 644, 603),
(677, 645, 604),
(678, 646, 605),
(679, 647, 606),
(680, 648, 607),
(681, 649, 608),
(682, 650, 609),
(683, 651, 610),
(684, 651, 610),
(685, 652, 610),
(686, 653, 611),
(687, 654, 612),
(688, 655, 613),
(689, 656, 614),
(690, 654, 612),
(691, 657, 612),
(692, 658, 615),
(693, 659, 616),
(694, 660, 617),
(695, 661, 617),
(696, 662, 618),
(697, 663, 619),
(698, 664, 620),
(699, 665, 621),
(700, 666, 622),
(701, 667, 623),
(702, 668, 624),
(703, 669, 625),
(704, 670, 626),
(705, 666, 622),
(706, 671, 622),
(707, 672, 627),
(708, 673, 628),
(709, 674, 629),
(710, 675, 630),
(711, 676, 631),
(712, 677, 632),
(713, 678, 633),
(714, 679, 634),
(715, 680, 635),
(716, 677, 632),
(717, 681, 632),
(718, 682, 636),
(719, 683, 637),
(720, 678, 633),
(721, 684, 633),
(722, 685, 638),
(723, 686, 639),
(724, 687, 640),
(725, 688, 641),
(726, 686, 639),
(727, 689, 639),
(728, 690, 642),
(729, 691, 643),
(730, 692, 644),
(731, 693, 645),
(732, 687, 640),
(733, 694, 640),
(734, 695, 646),
(735, 696, 208),
(736, 688, 641),
(737, 697, 641),
(738, 698, 647),
(739, 699, 648),
(740, 700, 210),
(741, 701, 649),
(742, 701, 649),
(743, 702, 649),
(744, 703, 650),
(745, 704, 651),
(746, 705, 652),
(747, 706, 653),
(748, 707, 654),
(749, 708, 655),
(750, 709, 656),
(751, 153, 657),
(752, 710, 657),
(753, 708, 655),
(754, 711, 655),
(755, 709, 656),
(756, 712, 656),
(757, 713, 658),
(758, 714, 659),
(759, 715, 660),
(760, 716, 661),
(761, 717, 662),
(762, 718, 663),
(763, 719, 664),
(764, 720, 665),
(765, 721, 666),
(766, 722, 667),
(767, 723, 668),
(768, 724, 669),
(769, 725, 670),
(770, 726, 671),
(771, 727, 672),
(772, 728, 673),
(773, 729, 675),
(774, 730, 226),
(775, 731, 676),
(776, 732, 677),
(777, 733, 678),
(778, 734, 679),
(779, 735, 680),
(780, 736, 681),
(781, 737, 682),
(782, 738, 683),
(783, 739, 684),
(784, 740, 685),
(785, 741, 686),
(786, 742, 687),
(787, 743, 688),
(788, 744, 689),
(789, 742, 687),
(790, 745, 687),
(791, 743, 688),
(792, 746, 688),
(793, 747, 690),
(794, 748, 691),
(795, 749, 692),
(796, 750, 693),
(797, 751, 694),
(798, 752, 695),
(799, 753, 696),
(800, 754, 697),
(801, 755, 698),
(802, 756, 699),
(803, 757, 700),
(804, 758, 701),
(805, 759, 702),
(806, 760, 703),
(807, 761, 704),
(808, 762, 705),
(809, 763, 706),
(810, 764, 707),
(811, 763, 706),
(812, 765, 706),
(813, 766, 239),
(814, 767, 240),
(815, 768, 708),
(816, 769, 709),
(817, 770, 710),
(818, 771, 711),
(819, 772, 712),
(820, 773, 713),
(821, 774, 714),
(822, 775, 715),
(823, 775, 715),
(824, 776, 715),
(825, 777, 716),
(826, 778, 717),
(827, 779, 718),
(828, 780, 719),
(829, 781, 720),
(830, 782, 721),
(831, 778, 717),
(832, 783, 717),
(833, 784, 722),
(834, 785, 723),
(835, 785, 723),
(836, 786, 723),
(837, 787, 252),
(838, 788, 724),
(839, 789, 725),
(840, 790, 726),
(841, 790, 726),
(842, 791, 726),
(843, 792, 727),
(844, 793, 728),
(845, 794, 729),
(846, 795, 730),
(847, 796, 731),
(848, 797, 254),
(849, 798, 732),
(850, 797, 254),
(851, 799, 254),
(852, 798, 732),
(853, 800, 732),
(854, 801, 733),
(855, 802, 734),
(856, 801, 733),
(857, 803, 733),
(858, 804, 735),
(859, 805, 256),
(860, 804, 735),
(861, 806, 735),
(862, 807, 736),
(863, 808, 737),
(864, 809, 738),
(865, 810, 739),
(866, 811, 740),
(867, 812, 741),
(868, 813, 742),
(869, 812, 741),
(870, 814, 741),
(871, 815, 743),
(872, 816, 744),
(873, 817, 745),
(874, 818, 746),
(875, 816, 744),
(876, 819, 744),
(877, 820, 747),
(878, 821, 748),
(879, 822, 749),
(880, 823, 750),
(881, 821, 748),
(882, 824, 748),
(883, 825, 751),
(884, 822, 749),
(885, 826, 749),
(886, 827, 752),
(887, 828, 261),
(888, 829, 753),
(889, 830, 754),
(890, 831, 755),
(891, 1, 1),
(892, 832, 1),
(893, 2, 2),
(894, 833, 2),
(895, 3, 3),
(896, 834, 3),
(897, 4, 4),
(898, 835, 4),
(899, 5, 5),
(900, 836, 5),
(901, 6, 6),
(902, 837, 6),
(903, 7, 7),
(904, 838, 7),
(905, 8, 8),
(906, 839, 8),
(907, 9, 9),
(908, 840, 9),
(909, 10, 10),
(910, 841, 10),
(911, 11, 11),
(912, 842, 11),
(913, 12, 12),
(914, 843, 12),
(915, 13, 13),
(916, 844, 13),
(917, 14, 14),
(918, 845, 14),
(919, 15, 15),
(920, 846, 15),
(921, 16, 16),
(922, 847, 16),
(923, 17, 17),
(924, 848, 17),
(925, 18, 18),
(926, 849, 18),
(927, 19, 19),
(928, 850, 19),
(929, 20, 20),
(930, 27, 20),
(931, 851, 20),
(932, 21, 21),
(933, 852, 21),
(934, 22, 22),
(935, 853, 22),
(936, 23, 23),
(937, 854, 23),
(938, 24, 24),
(939, 855, 24),
(940, 25, 25),
(941, 856, 25),
(942, 26, 26),
(943, 857, 26),
(944, 20, 27),
(945, 27, 27),
(946, 851, 27),
(947, 858, 27),
(948, 28, 28),
(949, 859, 28),
(950, 29, 29),
(951, 860, 29),
(952, 30, 30),
(953, 861, 30),
(954, 31, 31),
(955, 862, 31),
(956, 32, 32),
(957, 863, 32),
(958, 33, 33),
(959, 864, 33),
(960, 34, 34),
(961, 865, 34),
(962, 35, 35),
(963, 866, 35),
(964, 36, 36),
(965, 867, 36),
(966, 37, 37),
(967, 868, 37),
(968, 38, 38),
(969, 869, 38),
(970, 39, 39),
(971, 870, 39),
(972, 40, 40),
(973, 871, 40),
(974, 41, 41),
(975, 872, 41),
(976, 42, 42),
(977, 873, 42),
(978, 43, 43),
(979, 874, 43),
(980, 44, 44),
(981, 875, 44),
(982, 45, 45),
(983, 876, 45),
(984, 46, 46),
(985, 877, 46),
(986, 47, 47),
(987, 878, 47),
(988, 48, 48),
(989, 879, 48),
(990, 49, 49),
(991, 880, 49),
(992, 50, 50),
(993, 881, 50),
(994, 51, 51),
(995, 882, 51),
(996, 52, 52),
(997, 883, 52),
(998, 53, 53),
(999, 884, 53),
(1000, 54, 54),
(1001, 885, 54),
(1002, 55, 55),
(1003, 886, 55),
(1004, 56, 56),
(1005, 887, 56),
(1006, 57, 57),
(1007, 888, 57),
(1008, 58, 58),
(1009, 889, 58),
(1010, 59, 59),
(1011, 890, 59),
(1012, 60, 60),
(1013, 891, 60),
(1014, 61, 61),
(1015, 892, 61),
(1016, 62, 62),
(1017, 893, 62),
(1018, 63, 63),
(1019, 894, 63),
(1020, 64, 64),
(1021, 895, 64),
(1022, 65, 65),
(1023, 896, 65),
(1024, 66, 66),
(1025, 897, 66),
(1026, 67, 67),
(1027, 898, 67),
(1028, 68, 68),
(1029, 899, 68),
(1030, 69, 69),
(1031, 900, 69),
(1032, 70, 70),
(1033, 901, 70),
(1034, 71, 71),
(1035, 902, 71),
(1036, 72, 72),
(1037, 903, 72),
(1038, 73, 73),
(1039, 904, 73),
(1040, 74, 74),
(1041, 905, 74),
(1042, 75, 75),
(1043, 906, 75),
(1044, 76, 76),
(1045, 907, 76),
(1046, 77, 77),
(1047, 908, 77),
(1048, 78, 78),
(1049, 909, 78),
(1050, 79, 79),
(1051, 910, 79),
(1052, 80, 80),
(1053, 911, 80),
(1054, 81, 81),
(1055, 912, 81),
(1056, 82, 82),
(1057, 913, 82),
(1058, 83, 83),
(1059, 914, 83),
(1060, 84, 84),
(1061, 915, 84),
(1062, 85, 85),
(1063, 916, 85),
(1064, 86, 86),
(1065, 917, 86),
(1066, 87, 87),
(1067, 918, 87),
(1068, 88, 88),
(1069, 919, 88),
(1070, 89, 89),
(1071, 251, 89),
(1072, 920, 89),
(1073, 90, 90),
(1074, 921, 90),
(1075, 91, 91),
(1076, 253, 91),
(1077, 922, 91),
(1078, 92, 92),
(1079, 230, 92),
(1080, 923, 92),
(1081, 93, 93),
(1082, 924, 93),
(1083, 94, 94),
(1084, 925, 94),
(1085, 95, 95),
(1086, 926, 95),
(1087, 96, 96),
(1088, 927, 96),
(1089, 97, 97),
(1090, 928, 97),
(1091, 98, 98),
(1092, 929, 98),
(1093, 99, 99),
(1094, 930, 99),
(1095, 100, 100),
(1096, 931, 100),
(1097, 101, 101),
(1098, 932, 101),
(1099, 102, 102),
(1100, 933, 102),
(1101, 103, 103),
(1102, 934, 103),
(1103, 104, 104),
(1104, 935, 104),
(1105, 105, 105),
(1106, 936, 105),
(1107, 106, 106),
(1108, 937, 106),
(1109, 107, 107),
(1110, 938, 107),
(1111, 108, 108),
(1112, 939, 108),
(1113, 109, 109),
(1114, 940, 109),
(1115, 110, 110),
(1116, 941, 110),
(1117, 111, 111),
(1118, 942, 111),
(1119, 112, 112),
(1120, 943, 112),
(1121, 113, 113),
(1122, 944, 113),
(1123, 114, 114),
(1124, 945, 114),
(1125, 115, 115),
(1126, 946, 115),
(1127, 116, 116),
(1128, 947, 116),
(1129, 117, 117),
(1130, 948, 117),
(1131, 118, 118),
(1132, 949, 118),
(1133, 119, 119),
(1134, 950, 119),
(1135, 120, 120),
(1136, 951, 120),
(1137, 121, 121),
(1138, 952, 121),
(1139, 122, 122),
(1140, 953, 122),
(1141, 123, 123),
(1142, 954, 123),
(1143, 124, 124),
(1144, 955, 124),
(1145, 125, 125),
(1146, 956, 125),
(1147, 126, 126),
(1148, 957, 126),
(1149, 127, 127),
(1150, 958, 127),
(1151, 128, 128),
(1152, 959, 128),
(1153, 129, 129),
(1154, 960, 129),
(1155, 130, 130),
(1156, 961, 130),
(1157, 131, 131),
(1158, 962, 131),
(1159, 132, 132),
(1160, 963, 132),
(1161, 133, 133),
(1162, 964, 133),
(1163, 134, 134),
(1164, 965, 134),
(1165, 135, 135),
(1166, 966, 135),
(1167, 136, 135),
(1168, 967, 135),
(1169, 137, 136),
(1170, 968, 136),
(1171, 138, 137),
(1172, 969, 137),
(1173, 139, 138),
(1174, 970, 138),
(1175, 140, 139),
(1176, 971, 139),
(1177, 141, 140),
(1178, 972, 140),
(1179, 142, 141),
(1180, 973, 141),
(1181, 143, 142),
(1182, 974, 142),
(1183, 144, 143),
(1184, 975, 143),
(1185, 145, 144),
(1186, 976, 144),
(1187, 146, 145),
(1188, 977, 145),
(1189, 147, 146),
(1190, 978, 146),
(1191, 148, 147),
(1192, 979, 147),
(1193, 149, 148),
(1194, 980, 148),
(1195, 150, 149),
(1196, 981, 149),
(1197, 151, 150),
(1198, 982, 150),
(1199, 152, 151),
(1200, 983, 151),
(1201, 153, 152),
(1202, 710, 152),
(1203, 984, 152),
(1204, 154, 153),
(1205, 985, 153),
(1206, 155, 154),
(1207, 986, 154),
(1208, 156, 155),
(1209, 987, 155),
(1210, 157, 156),
(1211, 988, 156),
(1212, 158, 157),
(1213, 989, 157),
(1214, 159, 158),
(1215, 990, 158),
(1216, 160, 159),
(1217, 991, 159),
(1218, 161, 160),
(1219, 992, 160),
(1220, 162, 161),
(1221, 993, 161),
(1222, 163, 162),
(1223, 994, 162),
(1224, 164, 163),
(1225, 995, 163),
(1226, 165, 164),
(1227, 996, 164),
(1228, 166, 165),
(1229, 997, 165),
(1230, 167, 166),
(1231, 998, 166),
(1232, 168, 167),
(1233, 999, 167),
(1234, 169, 168),
(1235, 1000, 168),
(1236, 170, 169),
(1237, 1001, 169),
(1238, 171, 170),
(1239, 1002, 170),
(1240, 172, 171),
(1241, 1003, 171),
(1242, 173, 172),
(1243, 1004, 172),
(1244, 174, 173),
(1245, 1005, 173),
(1246, 175, 174),
(1247, 1006, 174),
(1248, 176, 175),
(1249, 1007, 175),
(1250, 177, 176),
(1251, 1008, 176),
(1252, 178, 177),
(1253, 1009, 177),
(1254, 179, 178),
(1255, 1010, 178),
(1256, 180, 179),
(1257, 1011, 179),
(1258, 181, 180),
(1259, 1012, 180),
(1260, 182, 181),
(1261, 1013, 181),
(1262, 183, 182),
(1263, 1014, 182),
(1264, 184, 183),
(1265, 1015, 183),
(1266, 185, 184),
(1267, 1016, 184),
(1268, 186, 185),
(1269, 1017, 185),
(1270, 187, 186),
(1271, 1018, 186),
(1272, 188, 187),
(1273, 1019, 187),
(1274, 189, 188),
(1275, 1020, 188),
(1276, 190, 189),
(1277, 1021, 189),
(1278, 191, 190),
(1279, 1022, 190),
(1280, 192, 191),
(1281, 1023, 191),
(1282, 193, 192),
(1283, 1024, 192),
(1284, 194, 193),
(1285, 1025, 193),
(1286, 195, 194),
(1287, 1026, 194),
(1288, 196, 194),
(1289, 1027, 194),
(1290, 197, 195),
(1291, 1028, 195),
(1292, 198, 196),
(1293, 1029, 196),
(1294, 199, 197),
(1295, 1030, 197),
(1296, 200, 198),
(1297, 1031, 198),
(1298, 201, 199),
(1299, 1032, 199),
(1300, 202, 200),
(1301, 1033, 200),
(1302, 203, 201),
(1303, 1034, 201),
(1304, 204, 202),
(1305, 1035, 202),
(1306, 205, 203),
(1307, 1036, 203),
(1308, 206, 204),
(1309, 1037, 204),
(1310, 207, 205),
(1311, 1038, 205),
(1312, 208, 206),
(1313, 1039, 206),
(1314, 209, 207),
(1315, 1040, 207),
(1316, 210, 208),
(1317, 1041, 208),
(1318, 211, 209),
(1319, 1042, 209),
(1320, 212, 210),
(1321, 1043, 210),
(1322, 213, 211),
(1323, 1044, 211),
(1324, 214, 212),
(1325, 1045, 212),
(1326, 215, 213),
(1327, 1046, 213),
(1328, 216, 214),
(1329, 1047, 214),
(1330, 217, 215),
(1331, 1048, 215),
(1332, 218, 216),
(1333, 1049, 216),
(1334, 219, 217),
(1335, 1050, 217),
(1336, 220, 218),
(1337, 1051, 218),
(1338, 221, 219),
(1339, 1052, 219),
(1340, 222, 220),
(1341, 1053, 220),
(1342, 223, 221),
(1343, 1054, 221),
(1344, 224, 222),
(1345, 1055, 222),
(1346, 225, 223),
(1347, 1056, 223),
(1348, 226, 224),
(1349, 1057, 224),
(1350, 227, 225),
(1351, 1058, 225),
(1352, 228, 226),
(1353, 1059, 226),
(1354, 229, 227),
(1355, 1060, 227),
(1356, 92, 228),
(1357, 230, 228),
(1358, 923, 228),
(1359, 1061, 228),
(1360, 231, 229),
(1361, 1062, 229),
(1362, 232, 230),
(1363, 1063, 230),
(1364, 233, 231),
(1365, 1064, 231),
(1366, 234, 232),
(1367, 1065, 232),
(1368, 235, 233),
(1369, 1066, 233),
(1370, 236, 234),
(1371, 1067, 234),
(1372, 237, 235),
(1373, 1068, 235),
(1374, 238, 236),
(1375, 1069, 236),
(1376, 239, 237),
(1377, 1070, 237),
(1378, 240, 238),
(1379, 1071, 238),
(1380, 241, 239),
(1381, 1072, 239),
(1382, 242, 240),
(1383, 1073, 240),
(1384, 243, 241),
(1385, 1074, 241),
(1386, 244, 242),
(1387, 1075, 242),
(1388, 245, 243),
(1389, 1076, 243),
(1390, 246, 244),
(1391, 1077, 244),
(1392, 247, 245),
(1393, 1078, 245),
(1394, 248, 246),
(1395, 1079, 246),
(1396, 249, 247),
(1397, 1080, 247),
(1398, 250, 248),
(1399, 1081, 248),
(1400, 89, 249),
(1401, 251, 249),
(1402, 920, 249),
(1403, 1082, 249),
(1404, 252, 250),
(1405, 1083, 250),
(1406, 91, 251),
(1407, 253, 251),
(1408, 922, 251),
(1409, 1084, 251),
(1410, 254, 252),
(1411, 1085, 252),
(1412, 255, 253),
(1413, 1086, 253),
(1414, 256, 254),
(1415, 1087, 254),
(1416, 257, 255),
(1417, 1088, 255),
(1418, 258, 256),
(1419, 1089, 256),
(1420, 259, 257),
(1421, 1090, 257),
(1422, 260, 258),
(1423, 1091, 258),
(1424, 261, 259),
(1425, 1092, 259),
(1426, 262, 260),
(1427, 1093, 260),
(1428, 263, 261),
(1429, 1094, 261),
(1430, 264, 262),
(1431, 1095, 262),
(1432, 1, 1),
(1433, 832, 1),
(1434, 1096, 1),
(1435, 2, 2),
(1436, 833, 2),
(1437, 1097, 2),
(1438, 3, 3),
(1439, 834, 3),
(1440, 1098, 3),
(1441, 4, 4),
(1442, 835, 4),
(1443, 1099, 4),
(1444, 5, 5),
(1445, 836, 5),
(1446, 1100, 5),
(1447, 6, 6),
(1448, 837, 6),
(1449, 1101, 6),
(1450, 7, 7),
(1451, 838, 7),
(1452, 1102, 7),
(1453, 8, 8),
(1454, 839, 8),
(1455, 1103, 8),
(1456, 9, 9),
(1457, 840, 9),
(1458, 1104, 9),
(1459, 10, 10),
(1460, 841, 10),
(1461, 1105, 10),
(1462, 11, 11),
(1463, 842, 11),
(1464, 1106, 11),
(1465, 12, 12),
(1466, 843, 12),
(1467, 1107, 12),
(1468, 13, 13),
(1469, 844, 13),
(1470, 1108, 13),
(1471, 14, 14),
(1472, 845, 14),
(1473, 1109, 14),
(1474, 15, 15),
(1475, 846, 15),
(1476, 1110, 15),
(1477, 16, 16),
(1478, 847, 16),
(1479, 1111, 16),
(1480, 17, 17),
(1481, 848, 17),
(1482, 1112, 17),
(1483, 18, 18),
(1484, 849, 18),
(1485, 1113, 18),
(1486, 19, 19),
(1487, 850, 19),
(1488, 1114, 19),
(1489, 20, 20),
(1490, 27, 20),
(1491, 851, 20),
(1492, 858, 20),
(1493, 1115, 20),
(1494, 21, 21),
(1495, 852, 21),
(1496, 1116, 21),
(1497, 22, 22),
(1498, 853, 22),
(1499, 1117, 22),
(1500, 23, 23),
(1501, 854, 23),
(1502, 1118, 23),
(1503, 24, 24),
(1504, 855, 24),
(1505, 1119, 24),
(1506, 25, 25),
(1507, 856, 25),
(1508, 1120, 25),
(1509, 26, 26),
(1510, 857, 26),
(1511, 1121, 26),
(1512, 20, 27),
(1513, 27, 27),
(1514, 851, 27),
(1515, 858, 27),
(1516, 1115, 27),
(1517, 1122, 27),
(1518, 28, 28),
(1519, 859, 28),
(1520, 1123, 28),
(1521, 29, 29),
(1522, 860, 29),
(1523, 1124, 29),
(1524, 30, 30),
(1525, 861, 30),
(1526, 1125, 30),
(1527, 31, 31),
(1528, 862, 31),
(1529, 1126, 31),
(1530, 32, 32),
(1531, 863, 32),
(1532, 1127, 32),
(1533, 33, 33),
(1534, 864, 33),
(1535, 1128, 33),
(1536, 34, 34),
(1537, 865, 34),
(1538, 1129, 34),
(1539, 35, 35),
(1540, 866, 35),
(1541, 1130, 35),
(1542, 36, 36),
(1543, 867, 36),
(1544, 1131, 36),
(1545, 37, 37),
(1546, 868, 37),
(1547, 1132, 37),
(1548, 38, 38),
(1549, 869, 38),
(1550, 1133, 38),
(1551, 39, 39),
(1552, 870, 39),
(1553, 1134, 39),
(1554, 40, 40),
(1555, 871, 40),
(1556, 1135, 40),
(1557, 41, 41),
(1558, 872, 41),
(1559, 1136, 41),
(1560, 42, 42),
(1561, 873, 42),
(1562, 1137, 42),
(1563, 43, 43),
(1564, 874, 43),
(1565, 1138, 43),
(1566, 44, 44),
(1567, 875, 44),
(1568, 1139, 44),
(1569, 45, 45),
(1570, 876, 45),
(1571, 1140, 45),
(1572, 46, 46),
(1573, 877, 46),
(1574, 1141, 46),
(1575, 47, 47),
(1576, 878, 47),
(1577, 1142, 47),
(1578, 48, 48),
(1579, 879, 48),
(1580, 1143, 48),
(1581, 49, 49),
(1582, 880, 49),
(1583, 1144, 49),
(1584, 50, 50),
(1585, 881, 50),
(1586, 1145, 50),
(1587, 51, 51),
(1588, 882, 51),
(1589, 1146, 51),
(1590, 52, 52),
(1591, 883, 52),
(1592, 1147, 52),
(1593, 53, 53),
(1594, 884, 53),
(1595, 1148, 53),
(1596, 54, 54),
(1597, 885, 54),
(1598, 1149, 54),
(1599, 55, 55),
(1600, 886, 55),
(1601, 1150, 55),
(1602, 56, 56),
(1603, 887, 56),
(1604, 1151, 56),
(1605, 57, 57),
(1606, 888, 57),
(1607, 1152, 57),
(1608, 58, 58),
(1609, 889, 58),
(1610, 1153, 58),
(1611, 59, 59),
(1612, 890, 59),
(1613, 1154, 59),
(1614, 60, 60),
(1615, 891, 60),
(1616, 1155, 60),
(1617, 61, 61),
(1618, 892, 61),
(1619, 1156, 61),
(1620, 62, 62),
(1621, 893, 62),
(1622, 1157, 62),
(1623, 63, 63),
(1624, 894, 63),
(1625, 1158, 63),
(1626, 64, 64),
(1627, 895, 64),
(1628, 1159, 64),
(1629, 65, 65),
(1630, 896, 65),
(1631, 1160, 65),
(1632, 66, 66),
(1633, 897, 66),
(1634, 1161, 66),
(1635, 67, 67),
(1636, 898, 67),
(1637, 1162, 67),
(1638, 68, 68),
(1639, 899, 68),
(1640, 1163, 68),
(1641, 69, 69),
(1642, 900, 69),
(1643, 1164, 69),
(1644, 70, 70),
(1645, 901, 70),
(1646, 1165, 70),
(1647, 71, 71),
(1648, 902, 71),
(1649, 1166, 71),
(1650, 72, 72),
(1651, 903, 72),
(1652, 1167, 72),
(1653, 73, 73),
(1654, 904, 73),
(1655, 1168, 73),
(1656, 74, 74),
(1657, 905, 74),
(1658, 1169, 74),
(1659, 75, 75),
(1660, 906, 75),
(1661, 1170, 75),
(1662, 76, 76),
(1663, 907, 76),
(1664, 1171, 76),
(1665, 77, 77),
(1666, 908, 77),
(1667, 1172, 77),
(1668, 78, 78),
(1669, 909, 78),
(1670, 1173, 78),
(1671, 79, 79),
(1672, 910, 79),
(1673, 1174, 79),
(1674, 80, 80),
(1675, 911, 80),
(1676, 1175, 80),
(1677, 81, 81),
(1678, 912, 81),
(1679, 1176, 81),
(1680, 82, 82),
(1681, 913, 82),
(1682, 1177, 82),
(1683, 83, 83),
(1684, 914, 83),
(1685, 1178, 83),
(1686, 84, 84),
(1687, 915, 84),
(1688, 1179, 84),
(1689, 85, 85),
(1690, 916, 85),
(1691, 1180, 85),
(1692, 86, 86),
(1693, 917, 86),
(1694, 1181, 86),
(1695, 87, 87),
(1696, 918, 87),
(1697, 1182, 87),
(1698, 88, 88),
(1699, 919, 88),
(1700, 1183, 88),
(1701, 89, 89),
(1702, 251, 89),
(1703, 920, 89),
(1704, 1082, 89),
(1705, 1184, 89),
(1706, 90, 90),
(1707, 921, 90),
(1708, 1185, 90),
(1709, 91, 91),
(1710, 253, 91),
(1711, 922, 91),
(1712, 1084, 91),
(1713, 1186, 91),
(1714, 92, 92),
(1715, 230, 92),
(1716, 923, 92),
(1717, 1061, 92),
(1718, 1187, 92),
(1719, 93, 93),
(1720, 924, 93),
(1721, 1188, 93),
(1722, 94, 94),
(1723, 925, 94),
(1724, 1189, 94),
(1725, 95, 95),
(1726, 926, 95),
(1727, 1190, 95),
(1728, 96, 96),
(1729, 927, 96),
(1730, 1191, 96),
(1731, 97, 97),
(1732, 928, 97),
(1733, 1192, 97),
(1734, 98, 98),
(1735, 929, 98),
(1736, 1193, 98),
(1737, 99, 99),
(1738, 930, 99),
(1739, 1194, 99),
(1740, 100, 100),
(1741, 931, 100),
(1742, 1195, 100),
(1743, 101, 101),
(1744, 932, 101),
(1745, 1196, 101),
(1746, 102, 102),
(1747, 933, 102),
(1748, 1197, 102),
(1749, 103, 103),
(1750, 934, 103),
(1751, 1198, 103),
(1752, 104, 104),
(1753, 935, 104),
(1754, 1199, 104),
(1755, 105, 105),
(1756, 936, 105),
(1757, 1200, 105),
(1758, 106, 106),
(1759, 937, 106),
(1760, 1201, 106),
(1761, 107, 107),
(1762, 938, 107),
(1763, 1202, 107),
(1764, 108, 108),
(1765, 939, 108),
(1766, 1203, 108),
(1767, 109, 109),
(1768, 940, 109),
(1769, 1204, 109),
(1770, 110, 110),
(1771, 941, 110),
(1772, 1205, 110),
(1773, 111, 111),
(1774, 942, 111),
(1775, 1206, 111),
(1776, 112, 112),
(1777, 943, 112),
(1778, 1207, 112),
(1779, 113, 113),
(1780, 944, 113),
(1781, 1208, 113),
(1782, 114, 114),
(1783, 945, 114),
(1784, 1209, 114),
(1785, 115, 115),
(1786, 946, 115),
(1787, 1210, 115),
(1788, 116, 116),
(1789, 947, 116),
(1790, 1211, 116),
(1791, 117, 117),
(1792, 948, 117),
(1793, 1212, 117),
(1794, 118, 118),
(1795, 949, 118),
(1796, 1213, 118),
(1797, 119, 119),
(1798, 950, 119),
(1799, 1214, 119),
(1800, 120, 120),
(1801, 951, 120),
(1802, 1215, 120),
(1803, 121, 121),
(1804, 952, 121),
(1805, 1216, 121),
(1806, 122, 122),
(1807, 953, 122),
(1808, 1217, 122),
(1809, 123, 123),
(1810, 954, 123),
(1811, 1218, 123),
(1812, 124, 124),
(1813, 955, 124),
(1814, 1219, 124),
(1815, 125, 125),
(1816, 956, 125),
(1817, 1220, 125),
(1818, 126, 126),
(1819, 957, 126),
(1820, 1221, 126),
(1821, 127, 127),
(1822, 958, 127),
(1823, 1222, 127),
(1824, 128, 128),
(1825, 959, 128),
(1826, 1223, 128),
(1827, 129, 129),
(1828, 960, 129),
(1829, 1224, 129),
(1830, 130, 130),
(1831, 961, 130),
(1832, 1225, 130),
(1833, 131, 131),
(1834, 962, 131),
(1835, 1226, 131),
(1836, 132, 132),
(1837, 963, 132),
(1838, 1227, 132),
(1839, 133, 133),
(1840, 964, 133),
(1841, 1228, 133),
(1842, 134, 134),
(1843, 965, 134),
(1844, 1229, 134),
(1845, 135, 135),
(1846, 966, 135),
(1847, 1230, 135),
(1848, 136, 135),
(1849, 967, 135),
(1850, 1231, 135),
(1851, 137, 136),
(1852, 968, 136),
(1853, 1232, 136),
(1854, 138, 137),
(1855, 969, 137),
(1856, 1233, 137),
(1857, 139, 138),
(1858, 970, 138),
(1859, 1234, 138),
(1860, 140, 139),
(1861, 971, 139),
(1862, 1235, 139),
(1863, 141, 140),
(1864, 972, 140),
(1865, 1236, 140),
(1866, 142, 141),
(1867, 973, 141),
(1868, 1237, 141),
(1869, 143, 142),
(1870, 974, 142),
(1871, 1238, 142),
(1872, 144, 143),
(1873, 975, 143),
(1874, 1239, 143),
(1875, 145, 144),
(1876, 976, 144),
(1877, 1240, 144),
(1878, 146, 145),
(1879, 977, 145),
(1880, 1241, 145),
(1881, 147, 146),
(1882, 978, 146),
(1883, 1242, 146),
(1884, 148, 147),
(1885, 979, 147),
(1886, 1243, 147),
(1887, 149, 148),
(1888, 980, 148),
(1889, 1244, 148),
(1890, 150, 149),
(1891, 981, 149),
(1892, 1245, 149),
(1893, 151, 150),
(1894, 982, 150),
(1895, 1246, 150),
(1896, 152, 151),
(1897, 983, 151),
(1898, 1247, 151),
(1899, 153, 152),
(1900, 710, 152),
(1901, 984, 152),
(1902, 1248, 152),
(1903, 154, 153),
(1904, 985, 153),
(1905, 1249, 153),
(1906, 155, 154),
(1907, 986, 154),
(1908, 1250, 154),
(1909, 156, 155),
(1910, 987, 155),
(1911, 1251, 155),
(1912, 157, 156),
(1913, 988, 156),
(1914, 1252, 156),
(1915, 158, 157),
(1916, 989, 157),
(1917, 1253, 157),
(1918, 159, 158),
(1919, 990, 158),
(1920, 1254, 158),
(1921, 160, 159),
(1922, 991, 159),
(1923, 1255, 159),
(1924, 161, 160),
(1925, 992, 160),
(1926, 1256, 160),
(1927, 162, 161),
(1928, 993, 161),
(1929, 1257, 161),
(1930, 163, 162),
(1931, 994, 162),
(1932, 1258, 162),
(1933, 164, 163),
(1934, 995, 163),
(1935, 1259, 163),
(1936, 165, 164),
(1937, 996, 164),
(1938, 1260, 164),
(1939, 166, 165),
(1940, 997, 165),
(1941, 1261, 165),
(1942, 167, 166),
(1943, 998, 166),
(1944, 1262, 166),
(1945, 168, 167),
(1946, 999, 167),
(1947, 1263, 167),
(1948, 169, 168),
(1949, 1000, 168),
(1950, 1264, 168),
(1951, 170, 169),
(1952, 1001, 169),
(1953, 1265, 169),
(1954, 171, 170),
(1955, 1002, 170),
(1956, 1266, 170),
(1957, 172, 171),
(1958, 1003, 171),
(1959, 1267, 171),
(1960, 173, 172),
(1961, 1004, 172),
(1962, 1268, 172),
(1963, 174, 173),
(1964, 1005, 173),
(1965, 1269, 173),
(1966, 175, 174),
(1967, 1006, 174),
(1968, 1270, 174),
(1969, 176, 175),
(1970, 1007, 175),
(1971, 1271, 175),
(1972, 177, 176),
(1973, 1008, 176),
(1974, 1272, 176),
(1975, 178, 177),
(1976, 1009, 177),
(1977, 1273, 177),
(1978, 179, 178),
(1979, 1010, 178),
(1980, 1274, 178),
(1981, 180, 179),
(1982, 1011, 179),
(1983, 1275, 179),
(1984, 181, 180),
(1985, 1012, 180),
(1986, 1276, 180),
(1987, 182, 181),
(1988, 1013, 181),
(1989, 1277, 181),
(1990, 183, 182),
(1991, 1014, 182),
(1992, 1278, 182),
(1993, 184, 183),
(1994, 1015, 183),
(1995, 1279, 183),
(1996, 185, 184),
(1997, 1016, 184),
(1998, 1280, 184),
(1999, 186, 185),
(2000, 1017, 185),
(2001, 1281, 185),
(2002, 187, 186),
(2003, 1018, 186),
(2004, 1282, 186),
(2005, 188, 187),
(2006, 1019, 187),
(2007, 1283, 187),
(2008, 189, 188),
(2009, 1020, 188),
(2010, 1284, 188),
(2011, 190, 189),
(2012, 1021, 189),
(2013, 1285, 189),
(2014, 191, 190),
(2015, 1022, 190),
(2016, 1286, 190),
(2017, 192, 191),
(2018, 1023, 191),
(2019, 1287, 191),
(2020, 193, 192),
(2021, 1024, 192),
(2022, 1288, 192),
(2023, 194, 193),
(2024, 1025, 193),
(2025, 1289, 193),
(2026, 195, 194),
(2027, 1026, 194),
(2028, 1290, 194),
(2029, 196, 194),
(2030, 1027, 194),
(2031, 1291, 194),
(2032, 197, 195),
(2033, 1028, 195),
(2034, 1292, 195),
(2035, 198, 196),
(2036, 1029, 196),
(2037, 1293, 196),
(2038, 199, 197),
(2039, 1030, 197),
(2040, 1294, 197),
(2041, 200, 198),
(2042, 1031, 198),
(2043, 1295, 198),
(2044, 201, 199),
(2045, 1032, 199),
(2046, 1296, 199),
(2047, 202, 200),
(2048, 1033, 200),
(2049, 1297, 200),
(2050, 203, 201),
(2051, 1034, 201),
(2052, 1298, 201),
(2053, 204, 202),
(2054, 1035, 202),
(2055, 1299, 202),
(2056, 205, 203),
(2057, 1036, 203),
(2058, 1300, 203),
(2059, 206, 204),
(2060, 1037, 204),
(2061, 1301, 204),
(2062, 207, 205),
(2063, 1038, 205),
(2064, 1302, 205),
(2065, 208, 206),
(2066, 1039, 206),
(2067, 1303, 206),
(2068, 209, 207),
(2069, 1040, 207),
(2070, 1304, 207),
(2071, 210, 208),
(2072, 1041, 208),
(2073, 1305, 208),
(2074, 211, 209),
(2075, 1042, 209),
(2076, 1306, 209),
(2077, 212, 210),
(2078, 1043, 210),
(2079, 1307, 210),
(2080, 213, 211),
(2081, 1044, 211),
(2082, 1308, 211),
(2083, 214, 212),
(2084, 1045, 212),
(2085, 1309, 212),
(2086, 215, 213),
(2087, 1046, 213),
(2088, 1310, 213),
(2089, 216, 214),
(2090, 1047, 214),
(2091, 1311, 214),
(2092, 217, 215),
(2093, 1048, 215),
(2094, 1312, 215),
(2095, 218, 216),
(2096, 1049, 216),
(2097, 1313, 216),
(2098, 219, 217),
(2099, 1050, 217),
(2100, 1314, 217),
(2101, 220, 218),
(2102, 1051, 218),
(2103, 1315, 218),
(2104, 221, 219),
(2105, 1052, 219),
(2106, 1316, 219),
(2107, 222, 220),
(2108, 1053, 220),
(2109, 1317, 220),
(2110, 223, 221),
(2111, 1054, 221),
(2112, 1318, 221),
(2113, 224, 222),
(2114, 1055, 222),
(2115, 1319, 222),
(2116, 225, 223),
(2117, 1056, 223),
(2118, 1320, 223),
(2119, 226, 224),
(2120, 1057, 224),
(2121, 1321, 224),
(2122, 227, 225),
(2123, 1058, 225),
(2124, 1322, 225),
(2125, 228, 226),
(2126, 1059, 226),
(2127, 1323, 226),
(2128, 229, 227),
(2129, 1060, 227),
(2130, 1324, 227),
(2131, 92, 228),
(2132, 230, 228),
(2133, 923, 228),
(2134, 1061, 228),
(2135, 1187, 228),
(2136, 1325, 228),
(2137, 231, 229),
(2138, 1062, 229),
(2139, 1326, 229),
(2140, 232, 230),
(2141, 1063, 230),
(2142, 1327, 230),
(2143, 233, 231),
(2144, 1064, 231),
(2145, 1328, 231),
(2146, 234, 232),
(2147, 1065, 232),
(2148, 1329, 232),
(2149, 235, 233),
(2150, 1066, 233),
(2151, 1330, 233),
(2152, 236, 234),
(2153, 1067, 234),
(2154, 1331, 234),
(2155, 237, 235),
(2156, 1068, 235),
(2157, 1332, 235),
(2158, 238, 236),
(2159, 1069, 236),
(2160, 1333, 236),
(2161, 239, 237),
(2162, 1070, 237),
(2163, 1334, 237),
(2164, 240, 238),
(2165, 1071, 238),
(2166, 1335, 238),
(2167, 241, 239),
(2168, 1072, 239),
(2169, 1336, 239),
(2170, 242, 240),
(2171, 1073, 240),
(2172, 1337, 240),
(2173, 243, 241),
(2174, 1074, 241),
(2175, 1338, 241),
(2176, 244, 242),
(2177, 1075, 242),
(2178, 1339, 242),
(2179, 245, 243),
(2180, 1076, 243),
(2181, 1340, 243),
(2182, 246, 244),
(2183, 1077, 244),
(2184, 1341, 244),
(2185, 247, 245),
(2186, 1078, 245),
(2187, 1342, 245),
(2188, 248, 246),
(2189, 1079, 246),
(2190, 1343, 246),
(2191, 249, 247),
(2192, 1080, 247),
(2193, 1344, 247),
(2194, 250, 248),
(2195, 1081, 248),
(2196, 1345, 248),
(2197, 89, 249),
(2198, 251, 249),
(2199, 920, 249),
(2200, 1082, 249),
(2201, 1184, 249),
(2202, 1346, 249),
(2203, 252, 250),
(2204, 1083, 250),
(2205, 1347, 250),
(2206, 91, 251),
(2207, 253, 251),
(2208, 922, 251),
(2209, 1084, 251),
(2210, 1186, 251),
(2211, 1348, 251),
(2212, 254, 252),
(2213, 1085, 252),
(2214, 1349, 252),
(2215, 255, 253),
(2216, 1086, 253),
(2217, 1350, 253),
(2218, 256, 254),
(2219, 1087, 254),
(2220, 1351, 254),
(2221, 257, 255),
(2222, 1088, 255),
(2223, 1352, 255),
(2224, 258, 256),
(2225, 1089, 256),
(2226, 1353, 256),
(2227, 259, 257),
(2228, 1090, 257),
(2229, 1354, 257),
(2230, 260, 258),
(2231, 1091, 258),
(2232, 1355, 258),
(2233, 261, 259),
(2234, 1092, 259),
(2235, 1356, 259),
(2236, 262, 260),
(2237, 1093, 260),
(2238, 1357, 260),
(2239, 263, 261),
(2240, 1094, 261),
(2241, 1358, 261),
(2242, 264, 262),
(2243, 1095, 262),
(2244, 1359, 262);

-- --------------------------------------------------------

--
-- Table structure for table `location`
--

CREATE TABLE `location` (
  `ID` int(11) NOT NULL,
  `TIME` time NOT NULL,
  `LAT` float NOT NULL,
  `LONG` float NOT NULL,
  `NUMBERID` int(11) NOT NULL
) ENGINE=InnoDB DEFAULT CHARSET=latin1;

-- --------------------------------------------------------

--
-- Table structure for table `name`
--

CREATE TABLE `name` (
  `ID` int(11) NOT NULL,
  `NAME` varchar(30) NOT NULL
) ENGINE=InnoDB DEFAULT CHARSET=latin1;

--
-- Dumping data for table `name`
--

INSERT INTO `name` (`ID`, `NAME`) VALUES
(1, 'BL'),
(2, '!'),
(3, 'gP'),
(4, 'Gdhshhsh'),
(5, 'Rabbi Hossain Bl'),
(6, 'Toni ct'),
(7, 'Turin apu ct'),
(8, 'Ku Arif 3g'),
(9, 'Ku Afnan 3g CR'),
(10, 'Imam 3g'),
(11, 'Ku Naeema 3g'),
(12, 'Nishan pharmecy'),
(13, 'Ku Aswad 3G'),
(14, 'Ku Lotif 3g'),
(15, 'Galib patla tele'),
(16, 'Soriful 3g'),
(17, 'Akib 3g'),
(18, 'Aronno 3g'),
(19, 'Sreashtho 3g'),
(20, 'Akter tele'),
(21, 'Bappy 3g'),
(22, 'Rifat Pharmecy'),
(23, 'Ku Foisal 3g'),
(24, 'Bijle 3g'),
(25, 'Buet'),
(26, 'Rubait teletok'),
(27, 'Akter tele'),
(28, 'Alamin sir W'),
(29, 'Soriful wd'),
(30, 'Riad'),
(31, 'Galib wd'),
(32, 'Istiak W'),
(33, 'Rabbi akn'),
(34, 'Rupom'),
(35, 'Yosuf airtel'),
(36, 'Repon mama'),
(37, 'Riad 3'),
(38, 'Anick Org'),
(39, 'Rasel vai'),
(40, 'Lord 2'),
(41, 'Z'),
(42, 'Akib airtel'),
(43, 'Tazul'),
(44, 'Taruk bap'),
(45, 'Choto mama'),
(46, 'Anik'),
(47, 'Rupom nig'),
(48, 'Aronno gp'),
(49, 'RABBI GP'),
(50, 'Rubait gp'),
(51, 'Alamin sir gp'),
(52, 'Piyas'),
(53, 'SIJAN'),
(54, 'Vippo'),
(55, 'Lord gp'),
(56, 'TONMOI GP'),
(57, 'Ahad rajmistry'),
(58, 'NURU'),
(59, 'Nishan gp'),
(60, 'Abir gp'),
(61, 'Piyas real'),
(62, 'Shawon vai'),
(63, 'Toni gp org'),
(64, 'Helal Aktel'),
(65, 'Shoriful'),
(66, 'Rubait aktel'),
(67, 'Riaz'),
(68, 'Helal mama robi'),
(69, 'Galib robi'),
(70, 'Akib robi'),
(71, 'Dipok'),
(72, 'Nyon'),
(73, 'Orni'),
(74, 'Obidul sir'),
(75, 'Riyel bl'),
(76, 'Nyon bl'),
(77, 'Ratul akn'),
(78, 'Anik razzak'),
(79, 'Obidul sir nw'),
(80, 'Galib comarce'),
(81, 'Rupom bl'),
(82, 'Anik khan'),
(83, 'Razib vai'),
(84, 'Akib bl akn'),
(85, 'Bappi'),
(86, 'Alamin sir bl 2'),
(87, 'Taruk'),
(88, 'Wasi'),
(89, 'Ratul bl'),
(90, 'AYON N'),
(91, 'Ayon bl'),
(92, 'Apon'),
(93, 'Ku Shohel Bl'),
(94, 'Afsan Dhaka'),
(95, 'Abbu bl 2'),
(96, 'Aronno phone'),
(97, 'Srijon p'),
(98, 'Dukan'),
(99, 'RUBAIT P'),
(100, 'PRNCE CT'),
(101, 'Sabiha Ma'),
(102, 'Ratul cse cuet'),
(103, 'Progga KMC'),
(104, 'Asifur 3g'),
(105, 'Pranto Cse 3g'),
(106, 'Ku lutful 3g'),
(107, 'Siam 3g'),
(108, 'ku Redwan 3g'),
(109, 'Mithun'),
(110, 'Lord 3g'),
(111, 'Toni 3g'),
(112, 'Ribon 3g'),
(113, 'Saba 3g'),
(114, 'Dipto'),
(115, 'Saklain 3g'),
(116, 'Arnob 3g'),
(117, 'Soikot 3g'),
(118, 'Sovon 3g'),
(119, 'Tazul 3g'),
(120, 'Ku Anam 3g'),
(121, 'Ku Ratul vai 3g'),
(122, 'Ku Sakeef Vai'),
(123, 'Aronno Bap'),
(124, 'Billa Ruet EEE'),
(125, 'Rabbi 3g'),
(126, 'Cuet Office 1'),
(127, 'Cuet Office 2'),
(128, 'SOFIUR SIR'),
(129, 'Srijon own'),
(130, 'Ku Noman 3g'),
(131, 'Ku Swajan Vai'),
(132, 'Ku lotif airtel'),
(133, 'Aronno Airtel'),
(134, 'Suejge Cuet CE'),
(135, 'Rabbi A'),
(136, 'Rabbi art'),
(137, 'Lord'),
(138, 'Rakib warid'),
(139, 'Bippy vai'),
(140, 'Aronno now'),
(141, 'Riad 2'),
(142, 'Risalat'),
(143, 'Ku Manna Aitel'),
(144, 'Raju'),
(145, 'Ku sumit'),
(146, 'Ku Rakib Airtel'),
(147, 'Abir warid'),
(148, 'Ku Antor Ali Gp'),
(149, 'Shible'),
(150, 'Hamim Gp'),
(151, 'Sujit The boss'),
(152, 'Aaskar mouri'),
(153, 'Abbu'),
(154, 'RIyEL'),
(155, 'SRIJON'),
(156, 'Bikas fakibas'),
(157, 'Rab 6'),
(158, 'Ataur sir'),
(159, 'Fozor ali'),
(160, 'Ku lotif gp'),
(161, 'Ankon'),
(162, 'Prottoy'),
(163, 'Anick'),
(164, 'MANNAN SIR'),
(165, 'Jibon'),
(166, 'Ku Rakib'),
(167, 'Habib Sir'),
(168, 'Aamir'),
(169, 'Gulta'),
(170, 'Biplop'),
(171, 'Mamun Pharmecx'),
(172, 'Minhaz vai'),
(173, 'Koushik'),
(174, 'Obidul sir gp'),
(175, 'Sovon'),
(176, 'Galib now'),
(177, 'Jessey'),
(178, 'Akib org'),
(179, 'Ku mittunjoy'),
(180, 'Pranto Cse Cuet'),
(181, 'Sreashtho gp'),
(182, 'Sourav'),
(183, 'Sadin gp'),
(184, 'Tamim Gp'),
(185, 'Srijon Gp own'),
(186, 'Arman'),
(187, 'Galib patla'),
(188, 'Adnan akib 2'),
(189, 'Rashad'),
(190, 'Adnan akib'),
(191, 'Miza'),
(192, 'Nishan'),
(193, 'Badhon'),
(194, 'Shadin moga'),
(195, 'Me robi'),
(196, 'Sreashtho Robi'),
(197, 'SIAM MUTA'),
(198, 'Ayon 2'),
(199, 'TONMOI'),
(200, 'Sohan robi'),
(201, 'Ashik Robi'),
(202, 'Anik rob'),
(203, 'Durlav'),
(204, 'Somrat sir'),
(205, 'Prome b'),
(206, 'Likan mama'),
(207, 'Sontu'),
(208, 'Asifur Bl'),
(209, 'Ku Mamun Pharmac'),
(210, 'Bari Ala Uncle'),
(211, 'Ushshas bl'),
(212, 'Supantho'),
(213, 'Soriful Bl'),
(214, 'Akib 2'),
(215, 'Anik Bari'),
(216, 'Sakil'),
(217, 'Oppo'),
(218, 'Abir Bl'),
(219, 'Alamin Sir'),
(220, 'Yousuf'),
(221, 'Ammu'),
(222, 'Badhon bl'),
(223, 'Akib'),
(224, 'Sabiha b'),
(225, 'Sadhin'),
(226, 'Abbas sir'),
(227, 'Imdad Sir'),
(228, 'Ronon Ku FWT'),
(229, 'Soilesh Sir'),
(230, 'Apon'),
(231, 'RUBAIT'),
(232, 'Gopal2'),
(233, 'Bappy'),
(234, 'Helal mama'),
(235, 'Abbu bl'),
(236, 'Foisal zilla'),
(237, 'Sabiha'),
(238, 'Ruhul Vai Cse'),
(239, 'Gopal'),
(240, 'Vagna Ayon'),
(241, 'Rokib Bl'),
(242, 'Ku shish vai'),
(243, 'Receiver'),
(244, 'Ku Noman Bl'),
(245, 'Soriful Aunty'),
(246, 'Aronno'),
(247, 'Tanzim'),
(248, 'Hamim'),
(249, 'Asif'),
(250, 'Ratul bl now'),
(251, 'Ratul bl'),
(252, 'Sreashtho bl'),
(253, 'Ayon bl'),
(254, 'Ku ovi bl'),
(255, 'Ku Antor Ali Bl'),
(256, 'AKTER'),
(257, 'Rajib'),
(258, 'Rabbi hossain nw'),
(259, 'Ayon now'),
(260, 'Bari Ala Uncle 2'),
(261, 'Khulna Versity'),
(262, 'Ku Contact'),
(263, 'FAIR SARVICE'),
(264, 'Asvjhsjk'),
(265, 'IMEI'),
(266, 'Gp Advance'),
(267, 'Gp 4min'),
(268, 'A'),
(269, 'Bl 40min'),
(270, 'Bl Intrnt'),
(271, 'Bl Advnc Blnc'),
(272, 'Gp Sms'),
(273, 'Gp Sms Not'),
(274, 'Sagor via malay'),
(275, 'F Noyon Tt'),
(276, 'Putul Khala'),
(277, 'F Shovon'),
(278, 'Abbu R'),
(279, 'Mejho Khalu'),
(280, 'F Shobuj Vit'),
(281, 'F Faisal Vit'),
(282, 'F Rokon'),
(283, 'F Safia'),
(284, 'Tania Khala'),
(285, 'Saddam Vai'),
(286, 'F Faisal Tt'),
(287, 'F Nayeem Tt'),
(288, 'F Noman jes'),
(289, 'Akash Tt'),
(290, 'kamrul 17'),
(291, 'F Shobuj tt'),
(292, 'F Sakib tt'),
(293, 'F Niloy ku 18 tt'),
(294, 'I'),
(295, 'F Aswad ku 16'),
(296, 'F Lutful ku 34 tt'),
(297, 'F Lotif 12'),
(298, 'F Rakibul Tt'),
(299, 'F Shohag F Tt'),
(300, 'F Uttom ku 36'),
(301, 'F Rakib Dadu Tt'),
(302, 'F Noyon Tt'),
(303, 'F Fahim Faisl Tt'),
(304, 'F Shoikot'),
(305, 'F Sakib Zil Tt'),
(306, 'F Rifat ku 2'),
(307, 'F Eshan ku 40 tt'),
(308, 'Zakaria vai Cse13'),
(309, 'F Rakib Tt'),
(310, 'Sakeef vai 15'),
(311, 'Emu Via Tt'),
(312, 'Shammi'),
(313, 'F Gofur Tt'),
(314, 'F Noman ku tt'),
(315, 'Ziko Via Tt'),
(316, 'Himel tt'),
(317, 'Ruku stu'),
(318, 'Monir Tt'),
(319, 'F Noyon Gd Tt'),
(320, 'f sakib tt 2'),
(321, 'F Shishir tt'),
(322, 'F Niloy 18'),
(323, 'F Akter Artl'),
(324, 'F Afnan ku 35 air'),
(325, 'F Arnob artl'),
(326, 'F Mahbub 2'),
(327, 'Pritom vai 13'),
(328, 'f shovon kuet air'),
(329, 'Ataullah vai du'),
(330, 'F Sumit ku 05'),
(331, 'F Eshan'),
(332, 'Noyon vai'),
(333, 'Moon Via Artl'),
(334, 'F Sagoto ku  32'),
(335, 'F Antor ku 21'),
(336, 'Shish vai 15'),
(337, 'Kuti Kaka gp'),
(338, 'Tuition Chitra Anty'),
(339, 'F Labib Abbu'),
(340, 'bariwala'),
(341, 'Zakir Mama'),
(342, 'Nana Shonk'),
(343, 'Emu Via Ma'),
(344, 'Mithu mama gp'),
(345, 'F Lotif 12 gp'),
(346, 'Saimun 17'),
(347, 'F Delux Maa'),
(348, 'soto khalu dulavai'),
(349, 'F faisal ku ammu'),
(350, 'F Rakib'),
(351, 'F Tonmoi'),
(352, 'F Rakib ku 20'),
(353, 'F Noman gp'),
(354, 'F Abir ku 01'),
(355, 'F Ema'),
(356, 'F Shobuj Js'),
(357, 'F shawon ku soil'),
(358, 'F Samiha ku 09'),
(359, 'Sayed vai prmt 2'),
(360, 'siam abbu'),
(361, 'Shopna vabi'),
(362, 'Ripna'),
(363, 'prince vai 13 gp2'),
(364, 'Tanmai vai 15 gp'),
(365, 'Rina fufu'),
(366, 'Red Net'),
(367, 'F Pranto Vdro'),
(368, 'Limon Bgrht'),
(369, 'F Yeasin ku 03'),
(370, 'Prince vai 13 gp'),
(371, 'F Anam gp 22'),
(372, 'Sohel vai Cse 13'),
(373, 'Marzia Vbi 2'),
(374, 'Anti-theft gp 2'),
(375, 'Tusar Via'),
(376, 'F Mrittunjoy ku 24 gp'),
(377, 'shohag dada'),
(378, 'Rasel 17'),
(379, 'Topu vai 14'),
(380, 'F Alamin ku 29'),
(381, 'Ali 17'),
(382, 'Siam ammu'),
(383, 'F Hiron'),
(384, 'F Delux'),
(385, 'F Delux 2'),
(386, 'Aminur Vai'),
(387, 'F Jim'),
(388, 'Rumpa apu 14'),
(389, 'F Miraj 25'),
(390, 'Putul Khala'),
(391, 'F Shovon'),
(392, 'Abbu R'),
(393, 'sm 2'),
(394, 'Tanni Anty R'),
(395, 'Soto khalu robi'),
(396, 'Soto mama robi'),
(397, 'Fahim Mama Nihl'),
(398, 'F Delux R'),
(399, 'Tonmoy vai 15'),
(400, 'F Sakib 2'),
(401, 'Nahar Apu 2'),
(402, 'Rana Via Vita'),
(403, 'Rokon Via'),
(404, 'Anti-theft bl2'),
(405, 'Anti theft bl2'),
(406, 'Ku office'),
(407, 'Mejho Khalu'),
(408, 'F Afjal'),
(409, 'F Shaon Jsr'),
(410, 'S Suvroto dd bl'),
(411, 'F Mukul muta'),
(412, 'Laili Fufu'),
(413, 'Boro mama bl'),
(414, 'S Sofiq Sr Ict'),
(415, 'Riaz vai 13'),
(416, 'F Naeem zilla'),
(417, 'F Sultan Ct Clg'),
(418, 'Rosul Vi'),
(419, 'Shohag 2'),
(420, 'F Shohan Rai 2'),
(421, 'Usman via'),
(422, 'F Mukul Bl'),
(423, 'F Noyon Gd'),
(424, 'Ucchash vai 12'),
(425, 'F Al-Amin ku 29 bl'),
(426, 'Masud kaka'),
(427, 'Emran Via'),
(428, 'F Arif'),
(429, 'F Shobuj Vit'),
(430, 'F Mahfuj phm bl'),
(431, 'F Faisal Vit'),
(432, 'Shohel Mama'),
(433, 'Nahid Via'),
(434, 'F Ibrahim'),
(435, 'F Hamidur'),
(436, 'Shagor Army blood'),
(437, 'Ahad Ali Via'),
(438, 'Hamid Clg Britti'),
(439, 'F Mrittunjoy ku 24'),
(440, 'Shahinur kaka'),
(441, 'F yeasin 03'),
(442, 'F Shobuj bl'),
(443, 'F Rokon'),
(444, 'Nahar Apu'),
(445, 'sm 1'),
(446, 'F Sakib'),
(447, 'Razu Via N'),
(448, 'F Safia'),
(449, 'F Hosan Ali'),
(450, 'Sunny Via'),
(451, 'F Shohag F 3'),
(452, 'F Torikul'),
(453, 'F Noman ku 17'),
(454, 'Brown'),
(455, 'F Gofur'),
(456, 'F Mippa'),
(457, 'Usman Via 2'),
(458, 'Badhon soto vi'),
(459, 'F Nayeem 2'),
(460, 'Jue Khala'),
(461, 'F Ibrahim 2'),
(462, 'F Nahid dst'),
(463, 'Noyon Vai Bl'),
(464, 'Hasan Via'),
(465, 'F Shumon zilla'),
(466, 'F Faisal Vit 2'),
(467, 'F Tomal'),
(468, 'print make apu 15'),
(469, 'F Tamim jsr'),
(470, 'F Shanto'),
(471, 'F Lutful ku 34'),
(472, 'F Nayeem'),
(473, 'F Akash'),
(474, 'jak via bl'),
(475, 'F Masud 3'),
(476, 'kusum dulvi'),
(477, 'Akash Bl'),
(478, 'F Noyon bl 2'),
(479, 'F Rakib dadu'),
(480, 'F Rakib bl'),
(481, 'Anti-theft Bl'),
(482, 'Tania Khala'),
(483, 'F Rifat'),
(484, 'F Robiul brrah'),
(485, 'F Rasel'),
(486, 'Saddam Vai'),
(487, 'F Shawon'),
(488, 'F Ramgopal Bl2'),
(489, 'Uddan Unnoyon'),
(490, 'F Noman'),
(491, 'F Tanjim'),
(492, 'F Alamin BAD jsr'),
(493, 'F Fahim Faisal'),
(494, 'F Arif ku 07'),
(495, 'Jue Khala Tt'),
(496, 'My Teletalk 3G'),
(497, 'Shamrat vai tt'),
(498, 'Robin vai 15'),
(499, 'F Afnan ku 35'),
(500, 'F Shovon kuet t'),
(501, 'F Nayeema ku 31'),
(502, 'F Nishan Ku phr'),
(503, 'F Abir ku'),
(504, 'F Shohan prmt tt'),
(505, 'F Arju'),
(506, 'F Sabbir Tt'),
(507, 'F Partho Bdr Gd'),
(508, 'My Teletalk 3G'),
(509, 'Siam Tt'),
(510, 'F Delux Tt'),
(511, 'F Shuvo ku phm'),
(512, 'F Shuvo Tt'),
(513, 'F Pran Prmt'),
(514, 'F Anam ku 22'),
(515, 'F Faisal ku 27'),
(516, 'F TZ ku'),
(517, 'Saidur vai 14'),
(518, 'Antu vai 15'),
(519, 'F fahim ku 15'),
(520, 'Bl my teletalk'),
(521, 'Rajoan vai t'),
(522, 'Mina fufu'),
(523, 'F Noman ku'),
(524, 'F Ibrahim Tt'),
(525, 'F jim 2'),
(526, 'F Mishu ku 13'),
(527, 'My Airtel 3G'),
(528, 'F shoikot ar'),
(529, 'Al amin vai ku 15'),
(530, 'F Manna ku 04'),
(531, 'Tanvir vai 12'),
(532, 'F Rakib ku 20'),
(533, 'S Jahid Sr Air'),
(534, 'Anti-theft air'),
(535, 'Anti-theft air'),
(536, 'F Moushan ku 26'),
(537, 'Laboni anti gp'),
(538, 'kuti kakima'),
(539, 'Alomgir sir ku'),
(540, 'Jahangir Kaka'),
(541, 'Abir vai ju'),
(542, 'F Ferdousi ku 28'),
(543, 'S Dr. Shapla Vai'),
(544, 'Mejho Khalo, Ma'),
(545, 'Mejho Khalo Ma'),
(546, 'Nahar nani'),
(547, 'Boro mama'),
(548, 'Nahar nani'),
(549, 'S Ajay sir'),
(550, 'bok'),
(551, 'S Ajay sir'),
(552, 'F Mighty akash'),
(553, 'Soto kaka'),
(554, 'S Nazrul sr gp'),
(555, 'Milon Kaka'),
(556, 'Soto kaka'),
(557, 'F Shohan moni'),
(558, 'F Shovon ku es'),
(559, 'S Ruma Madam'),
(560, 'S Tuhin sir gp'),
(561, 'S Tuhin sir gp'),
(562, 'S Laki Madam'),
(563, 'S Soaib Sir'),
(564, 'S Masud Sir'),
(565, 'Mostak jamay'),
(566, 'F Shohag F 2'),
(567, 'S Laki Madam'),
(568, 'Sejho kaka'),
(569, 'Roton Mama'),
(570, 'Metu vi'),
(571, 'F Rakib home'),
(572, 'Choto khalu'),
(573, 'Joly Apa'),
(574, 'Sejho kakima'),
(575, 'Sejho kakima'),
(576, 'Tushar via Ma'),
(577, 'F Dipro'),
(578, 'F Galib'),
(579, 'Imrul Dulavai'),
(580, 'Rana via gp'),
(581, 'F Dipro'),
(582, 'Kusum Dulvi gp'),
(583, 'Rifatul vaya du'),
(584, 'boro vai shohel'),
(585, 'Noya kaka'),
(586, 'Rafikul Sir Phy'),
(587, 'F Piash zilla'),
(588, 'F Piash zilla'),
(589, 'S Suvroto Dada'),
(590, 'F Mahadi ES'),
(591, 'F Sakib zilla'),
(592, 'Fire service 2'),
(593, 'Sagor Via 2'),
(594, 'F Raj prmt'),
(595, 'Soto mama gp'),
(596, 'Soto mama gp'),
(597, 'Tohid via'),
(598, 'ku sir'),
(599, 'Rafi vai ku'),
(600, 'Tusar Mama'),
(601, 'F Asif 2'),
(602, 'S Ehsan via gp'),
(603, 'F Shobuj Vit F'),
(604, 'F Shobuj Vit F'),
(605, 'F Mamun ku phm'),
(606, 'Prince vai 13'),
(607, 'Emran via Gp'),
(608, 'F Mukul'),
(609, 'I 2'),
(610, 'Tonmoy via'),
(611, 'Du'),
(612, 'Emu Via'),
(613, 'Sumi Vabi'),
(614, 'F shuvo ku bksh'),
(615, 'Humayun vai ku'),
(616, 'F Partho'),
(617, 'Nahid via Gp'),
(618, 'F faisal ku 27 gp'),
(619, 'Tanni anti gp'),
(620, 'Milon vai'),
(621, 'F Rakibul'),
(622, 'kamrul vai ju hujur'),
(623, 'Himel gp'),
(624, 'F Shohan mamto'),
(625, 'F Shohan mamto'),
(626, 'S Shamim Sir'),
(627, 'F Sakib utsab'),
(628, 'F Shubho ut'),
(629, 'Afmc'),
(630, 'F Mumu'),
(631, 'S Shohag Vai'),
(632, 'F Tamim ku 31'),
(633, 'F Antu'),
(634, 'Anti-theft gp'),
(635, 'Anti-theft gp'),
(636, 'F Shohan prmt'),
(637, 'Bithi'),
(638, 'F Murshida'),
(639, 'F Murshida'),
(640, 'Shoishob'),
(641, 'Dipti  Apu ku'),
(642, 'Tusar Vabi'),
(643, 'Tusar Vabi'),
(644, 'Noya Kakima'),
(645, 'F Xenoon phm'),
(646, 'F Joya 39'),
(647, 'Rajoan vai r'),
(648, 'S Emdad sir r'),
(649, 'S Emdad sir rb'),
(650, 'F Hridoy'),
(651, 'F Antor golden'),
(652, 'F Antor golden'),
(653, 'F Hiron R'),
(654, 'Ziko via robi'),
(655, 'Anti-theft r'),
(656, 'S Ehsan via r'),
(657, 'Ziko via robi'),
(658, 'F Helal r'),
(659, 'Shish vai cse 15'),
(660, 'F Riaj r'),
(661, 'F Riaj  r'),
(662, 'Alamin fufato'),
(663, 'Roni Kaka'),
(664, 'F Najmul'),
(665, 'Munna Vai'),
(666, 'Eti apa'),
(667, 'Sharfaraz sir'),
(668, 'Noya apa'),
(669, 'Sumi vabi bl'),
(670, 'Hanif vai AT'),
(671, 'Eti apa'),
(672, '110219'),
(673, 'F Arif jsr'),
(674, 'S Anup sir'),
(675, 'S Ashraf Sir'),
(676, 'S Ahad Sir'),
(677, 'Rasel via'),
(678, 'S Shamim sr bl'),
(679, 'F Mahfuz'),
(680, 'S Tuhin sir'),
(681, 'Rasel via'),
(682, 'Tanni Anti'),
(683, 'Sumi vabi r ma'),
(684, 'S Shamim sr bl'),
(685, 'Nana'),
(686, 'Akter Vai'),
(687, 'Headphone'),
(688, 'S Ripon sir'),
(689, 'Akter Vai'),
(690, 'Roky via bl'),
(691, 'Ruma apa'),
(692, 'Faruk jamoy'),
(693, 'S Aziz sir'),
(694, 'Headphone'),
(695, 'Torikul kaka'),
(696, 'Mech malik'),
(697, 'S Ripon sir'),
(698, 'Nazmul kaka'),
(699, 'Rana via'),
(700, 'F Supanto'),
(701, 'Monir'),
(702, 'Monir'),
(703, 'F Shohel ku 2'),
(704, 'F Labib bl'),
(705, 'Mithu Mama'),
(706, 'Antu vai cse 15'),
(707, 'Done'),
(708, 'Shopon via'),
(709, 'Moon via'),
(710, 'Abbu'),
(711, 'Shopon via'),
(712, 'Moon via'),
(713, 'Razu via'),
(714, 'Soto Mami'),
(715, 'Mukti apa'),
(716, 'F Munia'),
(717, 'Boro Apa'),
(718, 'Hasan via n'),
(719, 'S Nazrul sir'),
(720, 'Bithi kaka'),
(721, 'Tipu Kaka'),
(722, 'Ziko Via'),
(723, 'Sayed vai prmt'),
(724, 'S Ehsan Via'),
(725, 'F Asif'),
(726, 'Soto mama'),
(727, 'Laboni anti'),
(728, 'F Rakibul bl'),
(729, 'F Shishir bl'),
(730, 'F Ronon ku'),
(731, 'S Najmul sir'),
(732, 'Saiful Vai Prm'),
(733, 'Soto Kakima'),
(734, 'Sufol da'),
(735, 'F Shobuj'),
(736, 'Tushar via'),
(737, 'Sweet mama'),
(738, 'F jubair'),
(739, 'F Mahbub'),
(740, 'Shohag'),
(741, 'F Rafsan'),
(742, 'Lukhy apa'),
(743, 'F Mithun Bl'),
(744, 'Ammajan'),
(745, 'Lukhy apa'),
(746, 'F Mithun Bl'),
(747, 'Mia vai bl'),
(748, 'Boro vabi'),
(749, 'F Shuvo'),
(750, 'Sharnab'),
(751, 'Radhe Roy'),
(752, 'F Akash vit bl'),
(753, 'F Rittik'),
(754, 'Shomrat vai'),
(755, 'Rajoan vai'),
(756, 'F Tuhin physics'),
(757, 'Jak Via 2'),
(758, 'F Sadia bl'),
(759, 'F Tito F'),
(760, 'Rinku kaka'),
(761, 'Noyon Mama'),
(762, 'Marzia vabi 3'),
(763, 'Sagor via new'),
(764, 'Imamul hujur'),
(765, 'Sagor via new'),
(766, 'F Rokib ku 06'),
(767, 'Ku Shish vai 15'),
(768, 'F Hamid'),
(769, 'ku Mahfuj phm'),
(770, 'Rana vabi bl 2'),
(771, 'F Shohag vit f'),
(772, 'Shawon Vai Kuet'),
(773, 'F Shahriar Ct'),
(774, 'Zaman mama vit'),
(775, 'F Sabbir'),
(776, 'F Sabbir'),
(777, 'F Boby Bondhu'),
(778, 'F Razoan bl'),
(779, 'Hasan vai hamid'),
(780, 'Marzia Vbi'),
(781, 'Emu Via Bl'),
(782, 'F Faisal bl'),
(783, 'F Razoan bl'),
(784, 'F Rifat ku'),
(785, 'Mishon Via'),
(786, 'Mishon Via'),
(787, 'F Avi ku 11'),
(788, 'F Masud'),
(789, 'F Jony'),
(790, 'Kuti kaka'),
(791, 'Kuti kaka'),
(792, 'F Mushfiq'),
(793, 'F Rokeya ku 10'),
(794, 'Done New'),
(795, 'F Shohel ku'),
(796, 'Hair Build Fib'),
(797, 'F Akter bl'),
(798, 'F Ajmol'),
(799, 'F Akter bl'),
(800, 'F Ajmol'),
(801, 'F Shohan'),
(802, 'F Rabbi'),
(803, 'F Shohan'),
(804, 'F Rejoan Js'),
(805, 'F arju bro vai'),
(806, 'F Rejoan Js'),
(807, 'F Anarul'),
(808, 'F Arnob'),
(809, 'F Vejal bl'),
(810, 'F Akash Moni'),
(811, 'F Ruhul Amin'),
(812, 'F Muslima'),
(813, 'F Shaon shatkhira'),
(814, 'F Muslima'),
(815, 'F Tayef'),
(816, 'F Jawwad'),
(817, 'F Pronoy Bl'),
(818, 'Siam'),
(819, 'F Jawwad'),
(820, 'F Masud 2'),
(821, 'F Labib'),
(822, 'F Pronoy tnt'),
(823, 'Mina Fufu Tnt'),
(824, 'F Labib'),
(825, 'F Sakib tnt'),
(826, 'F Pronoy tnt'),
(827, 'Soto Kaka Tnt'),
(828, 'Fire service'),
(829, ''),
(830, 'Agrani bank'),
(831, 'Bl PUK'),
(832, 'BL'),
(833, '!'),
(834, 'gP'),
(835, 'Gdhshhsh'),
(836, 'Rabbi Hossain Bl'),
(837, 'Toni ct'),
(838, 'Turin apu ct'),
(839, 'Ku Arif 3g'),
(840, 'Ku Afnan 3g CR'),
(841, 'Imam 3g'),
(842, 'Ku Naeema 3g'),
(843, 'Nishan pharmecy'),
(844, 'Ku Aswad 3G'),
(845, 'Ku Lotif 3g'),
(846, 'Galib patla tele'),
(847, 'Soriful 3g'),
(848, 'Akib 3g'),
(849, 'Aronno 3g'),
(850, 'Sreashtho 3g'),
(851, 'Akter tele'),
(852, 'Bappy 3g'),
(853, 'Rifat Pharmecy'),
(854, 'Ku Foisal 3g'),
(855, 'Bijle 3g'),
(856, 'Buet'),
(857, 'Rubait teletok'),
(858, 'Akter tele'),
(859, 'Alamin sir W'),
(860, 'Soriful wd'),
(861, 'Riad'),
(862, 'Galib wd'),
(863, 'Istiak W'),
(864, 'Rabbi akn'),
(865, 'Rupom'),
(866, 'Yosuf airtel'),
(867, 'Repon mama'),
(868, 'Riad 3'),
(869, 'Anick Org'),
(870, 'Rasel vai'),
(871, 'Lord 2'),
(872, 'Z'),
(873, 'Akib airtel'),
(874, 'Tazul'),
(875, 'Taruk bap'),
(876, 'Choto mama'),
(877, 'Anik'),
(878, 'Rupom nig'),
(879, 'Aronno gp'),
(880, 'RABBI GP'),
(881, 'Rubait gp'),
(882, 'Alamin sir gp'),
(883, 'Piyas'),
(884, 'SIJAN'),
(885, 'Vippo'),
(886, 'Lord gp'),
(887, 'TONMOI GP'),
(888, 'Ahad rajmistry'),
(889, 'NURU'),
(890, 'Nishan gp'),
(891, 'Abir gp'),
(892, 'Piyas real'),
(893, 'Shawon vai'),
(894, 'Toni gp org'),
(895, 'Helal Aktel'),
(896, 'Shoriful'),
(897, 'Rubait aktel'),
(898, 'Riaz'),
(899, 'Helal mama robi'),
(900, 'Galib robi'),
(901, 'Akib robi'),
(902, 'Dipok'),
(903, 'Nyon'),
(904, 'Orni'),
(905, 'Obidul sir'),
(906, 'Riyel bl'),
(907, 'Nyon bl'),
(908, 'Ratul akn'),
(909, 'Anik razzak'),
(910, 'Obidul sir nw'),
(911, 'Galib comarce'),
(912, 'Rupom bl'),
(913, 'Anik khan'),
(914, 'Razib vai'),
(915, 'Akib bl akn'),
(916, 'Bappi'),
(917, 'Alamin sir bl 2'),
(918, 'Taruk'),
(919, 'Wasi'),
(920, 'Ratul bl'),
(921, 'AYON N'),
(922, 'Ayon bl'),
(923, 'Apon'),
(924, 'Ku Shohel Bl'),
(925, 'Afsan Dhaka'),
(926, 'Abbu bl 2'),
(927, 'Aronno phone'),
(928, 'Srijon p'),
(929, 'Dukan'),
(930, 'RUBAIT P'),
(931, 'PRNCE CT'),
(932, 'Sabiha Ma'),
(933, 'Ratul cse cuet'),
(934, 'Progga KMC'),
(935, 'Asifur 3g'),
(936, 'Pranto Cse 3g'),
(937, 'Ku lutful 3g'),
(938, 'Siam 3g'),
(939, 'ku Redwan 3g'),
(940, 'Mithun'),
(941, 'Lord 3g'),
(942, 'Toni 3g'),
(943, 'Ribon 3g'),
(944, 'Saba 3g'),
(945, 'Dipto'),
(946, 'Saklain 3g'),
(947, 'Arnob 3g'),
(948, 'Soikot 3g'),
(949, 'Sovon 3g'),
(950, 'Tazul 3g'),
(951, 'Ku Anam 3g'),
(952, 'Ku Ratul vai 3g'),
(953, 'Ku Sakeef Vai'),
(954, 'Aronno Bap'),
(955, 'Billa Ruet EEE'),
(956, 'Rabbi 3g'),
(957, 'Cuet Office 1'),
(958, 'Cuet Office 2'),
(959, 'SOFIUR SIR'),
(960, 'Srijon own'),
(961, 'Ku Noman 3g'),
(962, 'Ku Swajan Vai'),
(963, 'Ku lotif airtel'),
(964, 'Aronno Airtel'),
(965, 'Suejge Cuet CE'),
(966, 'Rabbi A'),
(967, 'Rabbi art'),
(968, 'Lord'),
(969, 'Rakib warid'),
(970, 'Bippy vai'),
(971, 'Aronno now'),
(972, 'Riad 2'),
(973, 'Risalat'),
(974, 'Ku Manna Aitel'),
(975, 'Raju'),
(976, 'Ku sumit'),
(977, 'Ku Rakib Airtel'),
(978, 'Abir warid'),
(979, 'Ku Antor Ali Gp'),
(980, 'Shible'),
(981, 'Hamim Gp'),
(982, 'Sujit The boss'),
(983, 'Aaskar mouri'),
(984, 'Abbu'),
(985, 'RIyEL'),
(986, 'SRIJON'),
(987, 'Bikas fakibas'),
(988, 'Rab 6'),
(989, 'Ataur sir'),
(990, 'Fozor ali'),
(991, 'Ku lotif gp'),
(992, 'Ankon'),
(993, 'Prottoy'),
(994, 'Anick'),
(995, 'MANNAN SIR'),
(996, 'Jibon'),
(997, 'Ku Rakib'),
(998, 'Habib Sir'),
(999, 'Aamir'),
(1000, 'Gulta'),
(1001, 'Biplop'),
(1002, 'Mamun Pharmecx'),
(1003, 'Minhaz vai'),
(1004, 'Koushik'),
(1005, 'Obidul sir gp'),
(1006, 'Sovon'),
(1007, 'Galib now'),
(1008, 'Jessey'),
(1009, 'Akib org'),
(1010, 'Ku mittunjoy'),
(1011, 'Pranto Cse Cuet'),
(1012, 'Sreashtho gp'),
(1013, 'Sourav'),
(1014, 'Sadin gp'),
(1015, 'Tamim Gp'),
(1016, 'Srijon Gp own'),
(1017, 'Arman'),
(1018, 'Galib patla'),
(1019, 'Adnan akib 2'),
(1020, 'Rashad'),
(1021, 'Adnan akib'),
(1022, 'Miza'),
(1023, 'Nishan'),
(1024, 'Badhon'),
(1025, 'Shadin moga'),
(1026, 'Me robi'),
(1027, 'Sreashtho Robi'),
(1028, 'SIAM MUTA'),
(1029, 'Ayon 2'),
(1030, 'TONMOI'),
(1031, 'Sohan robi'),
(1032, 'Ashik Robi'),
(1033, 'Anik rob'),
(1034, 'Durlav'),
(1035, 'Somrat sir'),
(1036, 'Prome b'),
(1037, 'Likan mama'),
(1038, 'Sontu'),
(1039, 'Asifur Bl'),
(1040, 'Ku Mamun Pharmac'),
(1041, 'Bari Ala Uncle'),
(1042, 'Ushshas bl'),
(1043, 'Supantho'),
(1044, 'Soriful Bl'),
(1045, 'Akib 2'),
(1046, 'Anik Bari'),
(1047, 'Sakil'),
(1048, 'Oppo'),
(1049, 'Abir Bl'),
(1050, 'Alamin Sir'),
(1051, 'Yousuf'),
(1052, 'Ammu'),
(1053, 'Badhon bl'),
(1054, 'Akib'),
(1055, 'Sabiha b'),
(1056, 'Sadhin'),
(1057, 'Abbas sir'),
(1058, 'Imdad Sir'),
(1059, 'Ronon Ku FWT'),
(1060, 'Soilesh Sir'),
(1061, 'Apon'),
(1062, 'RUBAIT'),
(1063, 'Gopal2'),
(1064, 'Bappy'),
(1065, 'Helal mama'),
(1066, 'Abbu bl'),
(1067, 'Foisal zilla'),
(1068, 'Sabiha'),
(1069, 'Ruhul Vai Cse'),
(1070, 'Gopal'),
(1071, 'Vagna Ayon'),
(1072, 'Rokib Bl'),
(1073, 'Ku shish vai'),
(1074, 'Receiver'),
(1075, 'Ku Noman Bl'),
(1076, 'Soriful Aunty'),
(1077, 'Aronno'),
(1078, 'Tanzim'),
(1079, 'Hamim'),
(1080, 'Asif'),
(1081, 'Ratul bl now'),
(1082, 'Ratul bl'),
(1083, 'Sreashtho bl'),
(1084, 'Ayon bl'),
(1085, 'Ku ovi bl'),
(1086, 'Ku Antor Ali Bl'),
(1087, 'AKTER'),
(1088, 'Rajib'),
(1089, 'Rabbi hossain nw'),
(1090, 'Ayon now'),
(1091, 'Bari Ala Uncle 2'),
(1092, 'Khulna Versity'),
(1093, 'Ku Contact'),
(1094, 'FAIR SARVICE'),
(1095, 'Asvjhsjk'),
(1096, 'BL'),
(1097, '!'),
(1098, 'gP'),
(1099, 'Gdhshhsh'),
(1100, 'Rabbi Hossain Bl'),
(1101, 'Toni ct'),
(1102, 'Turin apu ct'),
(1103, 'Ku Arif 3g'),
(1104, 'Ku Afnan 3g CR'),
(1105, 'Imam 3g'),
(1106, 'Ku Naeema 3g'),
(1107, 'Nishan pharmecy'),
(1108, 'Ku Aswad 3G'),
(1109, 'Ku Lotif 3g'),
(1110, 'Galib patla tele'),
(1111, 'Soriful 3g'),
(1112, 'Akib 3g'),
(1113, 'Aronno 3g'),
(1114, 'Sreashtho 3g'),
(1115, 'Akter tele'),
(1116, 'Bappy 3g'),
(1117, 'Rifat Pharmecy'),
(1118, 'Ku Foisal 3g'),
(1119, 'Bijle 3g'),
(1120, 'Buet'),
(1121, 'Rubait teletok'),
(1122, 'Akter tele'),
(1123, 'Alamin sir W'),
(1124, 'Soriful wd'),
(1125, 'Riad'),
(1126, 'Galib wd'),
(1127, 'Istiak W'),
(1128, 'Rabbi akn'),
(1129, 'Rupom'),
(1130, 'Yosuf airtel'),
(1131, 'Repon mama'),
(1132, 'Riad 3'),
(1133, 'Anick Org'),
(1134, 'Rasel vai'),
(1135, 'Lord 2'),
(1136, 'Z'),
(1137, 'Akib airtel'),
(1138, 'Tazul'),
(1139, 'Taruk bap'),
(1140, 'Choto mama'),
(1141, 'Anik'),
(1142, 'Rupom nig'),
(1143, 'Aronno gp'),
(1144, 'RABBI GP'),
(1145, 'Rubait gp'),
(1146, 'Alamin sir gp'),
(1147, 'Piyas'),
(1148, 'SIJAN'),
(1149, 'Vippo'),
(1150, 'Lord gp'),
(1151, 'TONMOI GP'),
(1152, 'Ahad rajmistry'),
(1153, 'NURU'),
(1154, 'Nishan gp'),
(1155, 'Abir gp'),
(1156, 'Piyas real'),
(1157, 'Shawon vai'),
(1158, 'Toni gp org'),
(1159, 'Helal Aktel'),
(1160, 'Shoriful'),
(1161, 'Rubait aktel'),
(1162, 'Riaz'),
(1163, 'Helal mama robi'),
(1164, 'Galib robi'),
(1165, 'Akib robi'),
(1166, 'Dipok'),
(1167, 'Nyon'),
(1168, 'Orni'),
(1169, 'Obidul sir'),
(1170, 'Riyel bl'),
(1171, 'Nyon bl'),
(1172, 'Ratul akn'),
(1173, 'Anik razzak'),
(1174, 'Obidul sir nw'),
(1175, 'Galib comarce'),
(1176, 'Rupom bl'),
(1177, 'Anik khan'),
(1178, 'Razib vai'),
(1179, 'Akib bl akn'),
(1180, 'Bappi'),
(1181, 'Alamin sir bl 2'),
(1182, 'Taruk'),
(1183, 'Wasi'),
(1184, 'Ratul bl'),
(1185, 'AYON N'),
(1186, 'Ayon bl'),
(1187, 'Apon'),
(1188, 'Ku Shohel Bl'),
(1189, 'Afsan Dhaka'),
(1190, 'Abbu bl 2'),
(1191, 'Aronno phone'),
(1192, 'Srijon p'),
(1193, 'Dukan'),
(1194, 'RUBAIT P'),
(1195, 'PRNCE CT'),
(1196, 'Sabiha Ma'),
(1197, 'Ratul cse cuet'),
(1198, 'Progga KMC'),
(1199, 'Asifur 3g'),
(1200, 'Pranto Cse 3g'),
(1201, 'Ku lutful 3g'),
(1202, 'Siam 3g'),
(1203, 'ku Redwan 3g'),
(1204, 'Mithun'),
(1205, 'Lord 3g'),
(1206, 'Toni 3g'),
(1207, 'Ribon 3g'),
(1208, 'Saba 3g'),
(1209, 'Dipto'),
(1210, 'Saklain 3g'),
(1211, 'Arnob 3g'),
(1212, 'Soikot 3g'),
(1213, 'Sovon 3g'),
(1214, 'Tazul 3g'),
(1215, 'Ku Anam 3g'),
(1216, 'Ku Ratul vai 3g'),
(1217, 'Ku Sakeef Vai'),
(1218, 'Aronno Bap'),
(1219, 'Billa Ruet EEE'),
(1220, 'Rabbi 3g'),
(1221, 'Cuet Office 1'),
(1222, 'Cuet Office 2'),
(1223, 'SOFIUR SIR'),
(1224, 'Srijon own'),
(1225, 'Ku Noman 3g'),
(1226, 'Ku Swajan Vai'),
(1227, 'Ku lotif airtel'),
(1228, 'Aronno Airtel'),
(1229, 'Suejge Cuet CE'),
(1230, 'Rabbi A'),
(1231, 'Rabbi art'),
(1232, 'Lord'),
(1233, 'Rakib warid'),
(1234, 'Bippy vai'),
(1235, 'Aronno now'),
(1236, 'Riad 2'),
(1237, 'Risalat'),
(1238, 'Ku Manna Aitel'),
(1239, 'Raju'),
(1240, 'Ku sumit'),
(1241, 'Ku Rakib Airtel'),
(1242, 'Abir warid'),
(1243, 'Ku Antor Ali Gp'),
(1244, 'Shible'),
(1245, 'Hamim Gp'),
(1246, 'Sujit The boss'),
(1247, 'Aaskar mouri'),
(1248, 'Abbu'),
(1249, 'RIyEL'),
(1250, 'SRIJON'),
(1251, 'Bikas fakibas'),
(1252, 'Rab 6'),
(1253, 'Ataur sir'),
(1254, 'Fozor ali'),
(1255, 'Ku lotif gp'),
(1256, 'Ankon'),
(1257, 'Prottoy'),
(1258, 'Anick'),
(1259, 'MANNAN SIR'),
(1260, 'Jibon'),
(1261, 'Ku Rakib'),
(1262, 'Habib Sir'),
(1263, 'Aamir'),
(1264, 'Gulta'),
(1265, 'Biplop'),
(1266, 'Mamun Pharmecx'),
(1267, 'Minhaz vai'),
(1268, 'Koushik'),
(1269, 'Obidul sir gp'),
(1270, 'Sovon'),
(1271, 'Galib now'),
(1272, 'Jessey'),
(1273, 'Akib org'),
(1274, 'Ku mittunjoy'),
(1275, 'Pranto Cse Cuet'),
(1276, 'Sreashtho gp'),
(1277, 'Sourav'),
(1278, 'Sadin gp'),
(1279, 'Tamim Gp'),
(1280, 'Srijon Gp own'),
(1281, 'Arman'),
(1282, 'Galib patla'),
(1283, 'Adnan akib 2'),
(1284, 'Rashad'),
(1285, 'Adnan akib'),
(1286, 'Miza'),
(1287, 'Nishan'),
(1288, 'Badhon'),
(1289, 'Shadin moga'),
(1290, 'Me robi'),
(1291, 'Sreashtho Robi'),
(1292, 'SIAM MUTA'),
(1293, 'Ayon 2'),
(1294, 'TONMOI'),
(1295, 'Sohan robi'),
(1296, 'Ashik Robi'),
(1297, 'Anik rob'),
(1298, 'Durlav'),
(1299, 'Somrat sir'),
(1300, 'Prome b'),
(1301, 'Likan mama'),
(1302, 'Sontu'),
(1303, 'Asifur Bl'),
(1304, 'Ku Mamun Pharmac'),
(1305, 'Bari Ala Uncle'),
(1306, 'Ushshas bl'),
(1307, 'Supantho'),
(1308, 'Soriful Bl'),
(1309, 'Akib 2'),
(1310, 'Anik Bari'),
(1311, 'Sakil'),
(1312, 'Oppo'),
(1313, 'Abir Bl'),
(1314, 'Alamin Sir'),
(1315, 'Yousuf'),
(1316, 'Ammu'),
(1317, 'Badhon bl'),
(1318, 'Akib'),
(1319, 'Sabiha b'),
(1320, 'Sadhin'),
(1321, 'Abbas sir'),
(1322, 'Imdad Sir'),
(1323, 'Ronon Ku FWT'),
(1324, 'Soilesh Sir'),
(1325, 'Apon'),
(1326, 'RUBAIT'),
(1327, 'Gopal2'),
(1328, 'Bappy'),
(1329, 'Helal mama'),
(1330, 'Abbu bl'),
(1331, 'Foisal zilla'),
(1332, 'Sabiha'),
(1333, 'Ruhul Vai Cse'),
(1334, 'Gopal'),
(1335, 'Vagna Ayon'),
(1336, 'Rokib Bl'),
(1337, 'Ku shish vai'),
(1338, 'Receiver'),
(1339, 'Ku Noman Bl'),
(1340, 'Soriful Aunty'),
(1341, 'Aronno'),
(1342, 'Tanzim'),
(1343, 'Hamim'),
(1344, 'Asif'),
(1345, 'Ratul bl now'),
(1346, 'Ratul bl'),
(1347, 'Sreashtho bl'),
(1348, 'Ayon bl'),
(1349, 'Ku ovi bl'),
(1350, 'Ku Antor Ali Bl'),
(1351, 'AKTER'),
(1352, 'Rajib'),
(1353, 'Rabbi hossain nw'),
(1354, 'Ayon now'),
(1355, 'Bari Ala Uncle 2'),
(1356, 'Khulna Versity'),
(1357, 'Ku Contact'),
(1358, 'FAIR SARVICE'),
(1359, 'Asvjhsjk');

-- --------------------------------------------------------

--
-- Table structure for table `number`
--

CREATE TABLE `number` (
  `ID` int(11) NOT NULL,
  `NUMBER` varchar(30) NOT NULL
) ENGINE=InnoDB DEFAULT CHARSET=latin1;

--
-- Dumping data for table `number`
--

INSERT INTO `number` (`ID`, `NUMBER`) VALUES
(1, '*124#'),
(2, '*124*26#'),
(3, '*566#'),
(4, '8801838535064'),
(5, '8801973119795'),
(6, '8801190678110'),
(7, '8801191683646'),
(8, '8801515644258'),
(9, '8801521218802'),
(10, '8801521218869'),
(11, '8801521239916'),
(12, '8801521305611'),
(13, '8801521312676'),
(14, '8801521313633'),
(15, '8801521317310'),
(16, '8801521317356'),
(17, '8801521318493'),
(18, '8801521318547'),
(19, '8801521318573'),
(20, '8801521318635'),
(21, '8801521318670'),
(22, '8801521321766'),
(23, '8801521410871'),
(24, '8801521459022'),
(25, '8801550155555'),
(26, '8801553220434'),
(27, '8801554857533'),
(28, '8801672358996'),
(29, '8801673389089'),
(30, '8801676109853'),
(31, '8801676859589'),
(32, '8801677240054'),
(33, '8801679791974'),
(34, '8801680266507'),
(35, '8801680891122'),
(36, '8801681970017'),
(37, '8801682294174'),
(38, '8801682765676'),
(39, '8801682950155'),
(40, '8801684290348'),
(41, '8801685242003'),
(42, '8801685312168'),
(43, '8801688820768'),
(44, '8801710750889'),
(45, '8801711061363'),
(46, '8801711668561'),
(47, '8801716651851'),
(48, '8801717272998'),
(49, '8801717864700'),
(50, '8801718778788'),
(51, '8801722818341'),
(52, '8801736591259'),
(53, '8801740838277'),
(54, '8801743644254'),
(55, '8801747288037'),
(56, '8801747793094'),
(57, '8801751345201'),
(58, '8801754198183'),
(59, '8801764694399'),
(60, '8801778627287'),
(61, '8801784864938'),
(62, '8801785752757'),
(63, '8801789141080'),
(64, '8801814322145'),
(65, '8801816214902'),
(66, '8801819167609'),
(67, '8801824140639'),
(68, '8801826811623'),
(69, '8801833912456'),
(70, '8801838348743'),
(71, '8801838539518'),
(72, '8801842707073'),
(73, '8801843907613'),
(74, '8801845562685'),
(75, '8801912780068'),
(76, '8801917831429'),
(77, '8801918524566'),
(78, '8801922406596'),
(79, '8801925553916'),
(80, '8801934344803'),
(81, '8801934814047'),
(82, '8801936836152'),
(83, '8801939107579'),
(84, '8801940012868'),
(85, '8801943761550'),
(86, '8801948130434'),
(87, '8801961123683'),
(88, '8801964643110'),
(89, '8801965563878'),
(90, '8801965564508'),
(91, '8801965565420'),
(92, '8801967581708'),
(93, '8801977662888'),
(94, '8801984919115'),
(95, '8801987022433'),
(96, '88042151484'),
(97, '88042164152'),
(98, '88042164230'),
(99, '88042166529'),
(100, '01192166624'),
(101, '01199441903'),
(102, '01515216343'),
(103, '01516110848'),
(104, '01516111574'),
(105, '01521221409'),
(106, '01521312705'),
(107, '01521317209'),
(108, '01521317617'),
(109, '01521318477'),
(110, '01521318491'),
(111, '01521318492'),
(112, '01521318497'),
(113, '01521318511'),
(114, '01521318512'),
(115, '01521318599'),
(116, '01521318661'),
(117, '01521318708'),
(118, '01521318781'),
(119, '01521318794'),
(120, '01521326366'),
(121, '01521438874'),
(122, '01521439395'),
(123, '01521459000'),
(124, '01521479177'),
(125, '01535466862'),
(126, '01555555011'),
(127, '01555555012'),
(128, '01558348266'),
(129, '01558771769'),
(130, '01559532193'),
(131, '01571777609'),
(132, '01617059192'),
(133, '01628667174'),
(134, '01629882095'),
(135, '01676638438'),
(136, '01681360814'),
(137, '01681585553'),
(138, '01681731207'),
(139, '01682000988'),
(140, '01682294174'),
(141, '01682637015'),
(142, '01682715574'),
(143, '01683044808'),
(144, '01683626169'),
(145, '01685394901'),
(146, '01688259339'),
(147, '01704945010'),
(148, '01710038988'),
(149, '01710449877'),
(150, '01711245003'),
(151, '01711326756'),
(152, '01711483092'),
(153, '01712485316'),
(154, '01712787302'),
(155, '01713372247'),
(156, '01713374154'),
(157, '01715268862'),
(158, '01716952699'),
(159, '01717059192'),
(160, '01717101477'),
(161, '01717127520'),
(162, '01718209571'),
(163, '01720611477'),
(164, '01720929958'),
(165, '01728126622'),
(166, '01731476876'),
(167, '01733174236'),
(168, '01737759705'),
(169, '01740088243'),
(170, '01740784003'),
(171, '01745955676'),
(172, '01747773382'),
(173, '01747773443'),
(174, '01754321015'),
(175, '01759318797'),
(176, '01759893384'),
(177, '01762271819'),
(178, '01763744394'),
(179, '01766123341'),
(180, '01775939446'),
(181, '01776098391'),
(182, '01777986811'),
(183, '01778506265'),
(184, '01778997907'),
(185, '01781119263'),
(186, '01785037404'),
(187, '01819122912'),
(188, '01831104702'),
(189, '01836075939'),
(190, '01836938366'),
(191, '01837139403'),
(192, '01837787225'),
(193, '01837787270'),
(194, '01838535064'),
(195, '01840902891'),
(196, '01843291948'),
(197, '01843386153'),
(198, '01843907551'),
(199, '01843930105'),
(200, '01845562319'),
(201, '01855600909'),
(202, '01911291231'),
(203, '01912642999'),
(204, '01913404477'),
(205, '01913433959'),
(206, '01914661719'),
(207, '01914722552'),
(208, '01915828516'),
(209, '01915881363'),
(210, '01915984757'),
(211, '01916030033'),
(212, '01916493880'),
(213, '01917080304'),
(214, '01917956512'),
(215, '01918235363'),
(216, '01918295311'),
(217, '01918805912'),
(218, '01920002970'),
(219, '01920261662'),
(220, '01921011130'),
(221, '01923081898'),
(222, '01923178057'),
(223, '01923189351'),
(224, '01923865020'),
(225, '01924666041'),
(226, '01926719200'),
(227, '01927169170'),
(228, '01928851376'),
(229, '01928890893'),
(230, '01931043059'),
(231, '01932089409'),
(232, '01932976733'),
(233, '01935773481'),
(234, '01938619803'),
(235, '01939686007'),
(236, '01944893949'),
(237, '01947847894'),
(238, '01949644328'),
(239, '01950641081'),
(240, '01952829343'),
(241, '01954645477'),
(242, '01954663883'),
(243, '01956448317'),
(244, '01960440979'),
(245, '01963338797'),
(246, '01963591723'),
(247, '01964787731'),
(248, '01965531866'),
(249, '01965563878'),
(250, '01965564029'),
(251, '01965565420'),
(252, '01966939598'),
(253, '01980555659'),
(254, '01981667277'),
(255, '01982895203'),
(256, '01983119795'),
(257, '01989309006'),
(258, '01990830211'),
(259, '0412831551'),
(260, '041721791'),
(261, '042165114'),
(262, '238498374928'),
(263, '*#06#'),
(264, '*1010*1#'),
(265, '*111*29#'),
(266, '*132*2#'),
(267, '*5000#'),
(268, '*874*0#'),
(269, '*999*2#'),
(270, '*999*4#'),
(271, '60166900390'),
(272, '8801521318658'),
(273, '8801798780270'),
(274, '8801835641488'),
(275, '8801855951886'),
(276, '8801913910341'),
(277, '8801940035816'),
(278, '8801941050494'),
(279, '8801952125746'),
(280, '8801952980718'),
(281, '8801985531643'),
(282, '8801986923738'),
(283, '8801515238540'),
(284, '8801515640273'),
(285, '8801515640539'),
(286, '8801515640930'),
(287, '8801516705104'),
(288, '8801517023140'),
(289, '8801517190775'),
(290, '8801521307958'),
(291, '8801521309069'),
(292, '8801521312705'),
(293, '8801521316459'),
(294, '8801521316527'),
(295, '8801521318614'),
(296, '8801521318622'),
(297, '8801521318689'),
(298, '8801521318708'),
(299, '8801521319374'),
(300, '8801521331018'),
(301, '8801521337314'),
(302, '8801521412101'),
(303, '8801521439395'),
(304, '8801521442312'),
(305, '8801521458634'),
(306, '8801521459568'),
(307, '8801521521267'),
(308, '8801534250748'),
(309, '8801557234599'),
(310, '8801558909165'),
(311, '8801571723516'),
(312, '8801571723568'),
(313, '8801571778758'),
(314, '8801571778854'),
(315, '8801612004723'),
(316, '8801624574645'),
(317, '8801628241527'),
(318, '8801629950280'),
(319, '8801674657542'),
(320, '8801680106407'),
(321, '8801682253919'),
(322, '8801682796719'),
(323, '8801683626169'),
(324, '8801683956412'),
(325, '8801687382961'),
(326, '8801687999576'),
(327, '8801688748946'),
(328, '8801704945010'),
(329, '8801708881495'),
(330, '8801711123377'),
(331, '8801711154471'),
(332, '8801711316055'),
(333, '8801712096040'),
(334, '8801712561598'),
(335, '8801714599543'),
(336, '8801715368712'),
(337, '8801716804218'),
(338, '8801717059192'),
(339, '8801718550548'),
(340, '8801718834931'),
(341, '8801719686026'),
(342, '8801720596304'),
(343, '8801722898945'),
(344, '8801722944477'),
(345, '8801728126622'),
(346, '8801729644348'),
(347, '8801731316865'),
(348, '8801731475101'),
(349, '8801731476896'),
(350, '8801735822822'),
(351, '8801735973674'),
(352, '8801739839708'),
(353, '8801741132068'),
(354, '8801741419241'),
(355, '8801741419444'),
(356, '8801742504722'),
(357, '8801742676241'),
(358, '8801745186442'),
(359, '8801745920920'),
(360, '8801747824151'),
(361, '8801748323809'),
(362, '8801752110931'),
(363, '8801753218761'),
(364, '8801754532151'),
(365, '8801754558666'),
(366, '8801755852710'),
(367, '8801759622439'),
(368, '8801762353539'),
(369, '8801763744394'),
(370, '8801763914666'),
(371, '8801767292021'),
(372, '8801771090010'),
(373, '8801771761169'),
(374, '8801773101165'),
(375, '8801775402258'),
(376, '8801779706688'),
(377, '8801779939362'),
(378, '8801783787978'),
(379, '8801791435868'),
(380, '8801792041460'),
(381, '8801795061160'),
(382, '8801797838764'),
(383, '8801857709005'),
(384, '8801866937547'),
(385, '8801866937548'),
(386, '8801866952136'),
(387, '8801875327786'),
(388, '8801876827608'),
(389, '8801883523059'),
(390, '8801910308190'),
(391, '8801910689329'),
(392, '8801911033795'),
(393, '8801911112022'),
(394, '8801913471743'),
(395, '8801913898889'),
(396, '8801914199123'),
(397, '8801914294734'),
(398, '8801914954692'),
(399, '8801918878820'),
(400, '8801919888940'),
(401, '8801921814938'),
(402, '8801921952822'),
(403, '8801925158914'),
(404, '8801925801422'),
(405, '8801930586196'),
(406, '8801931035227'),
(407, '8801932865887'),
(408, '8801935161455'),
(409, '8801936011567'),
(410, '8801936259359'),
(411, '8801936285270'),
(412, '8801936401340'),
(413, '8801936647667'),
(414, '8801936815430'),
(415, '8801937238635'),
(416, '8801939416476'),
(417, '8801940165227'),
(418, '8801943193869'),
(419, '8801944249954'),
(420, '8801947269644'),
(421, '8801947291625'),
(422, '8801948134177'),
(423, '8801948922051'),
(424, '8801949643096'),
(425, '8801949867597'),
(426, '8801950121326'),
(427, '8801950137723'),
(428, '8801951445885'),
(429, '8801952308306'),
(430, '8801952408128'),
(431, '8801952433847'),
(432, '8801952474607'),
(433, '8801953320383'),
(434, '8801953353736'),
(435, '8801954033907'),
(436, '8801954033908'),
(437, '8801954663883'),
(438, '8801955454537'),
(439, '8801955468080'),
(440, '8801955768898'),
(441, '8801956128538'),
(442, '8801957246802'),
(443, '8801960039957'),
(444, '8801960326263'),
(445, '8801961920073'),
(446, '8801962449596'),
(447, '8801963286808'),
(448, '8801964132166'),
(449, '8801964572260'),
(450, '8801964645077'),
(451, '8801964662687'),
(452, '8801964663913'),
(453, '8801965423381'),
(454, '8801966019048'),
(455, '8801966940557'),
(456, '8801966945001'),
(457, '8801966950447'),
(458, '8801969538000'),
(459, '8801971131375'),
(460, '8801980100115'),
(461, '8801982093555'),
(462, '8801982460776'),
(463, '8801982718990'),
(464, '8801985315996'),
(465, '8801985527339'),
(466, '8801985531641'),
(467, '8801986649899'),
(468, '8801986650750'),
(469, '8801986654098'),
(470, '8801988070434'),
(471, '8801989601372'),
(472, '8801989927182'),
(473, '8801990330775'),
(474, '8801992311720'),
(475, '8801993520424'),
(476, '01198239351'),
(477, '01515644258'),
(478, '01517102687'),
(479, '01521318670'),
(480, '01521100524'),
(481, '01521203675'),
(482, '01521218802'),
(483, '01521239323'),
(484, '01521239916'),
(485, '01521305611'),
(486, '01521318572'),
(487, '01521318573'),
(488, '01521318619'),
(489, '01521318659'),
(490, '01521318671'),
(491, '01521318672'),
(492, '01521318750'),
(493, '01521318770'),
(494, '01521319375'),
(495, '01521410871'),
(496, '01521411853'),
(497, '01521455923'),
(498, '01521458471'),
(499, '01534368535'),
(500, '01554474938'),
(501, '01554688887'),
(502, '01556317196'),
(503, '01571723515'),
(504, '01620641267'),
(505, '01625668814'),
(506, '01630415692'),
(507, '01631090469'),
(508, '01677259115'),
(509, '01683543617'),
(510, '01685862448'),
(511, '01686613667'),
(512, '01710369809'),
(513, '01710437462'),
(514, '01711070262'),
(515, '01711144146'),
(516, '01711197472'),
(517, '01711443558'),
(518, '01712404421'),
(519, '01712947501'),
(520, '01713488449'),
(521, '01714959014'),
(522, '01714503077'),
(523, '01715488288'),
(524, '01715143868'),
(525, '01715648749'),
(526, '01716463277'),
(527, '01716090664'),
(528, '01716241296'),
(529, '01716670926'),
(530, '01716779413'),
(531, '01716852868'),
(532, '01717529117'),
(533, '01718776937'),
(534, '01718287088'),
(535, '01718502033'),
(536, '01718703578'),
(537, '01718765761'),
(538, '01718932995'),
(539, '01719019190'),
(540, '01719391238'),
(541, '01719458332'),
(542, '01719476793'),
(543, '01719485385'),
(544, '01720333845'),
(545, '01720800127'),
(546, '01721756121'),
(547, '01721515020'),
(548, '01721651549'),
(549, '01721752885'),
(550, '01721857540'),
(551, '01722168366'),
(552, '01723512489'),
(553, '01724029141'),
(554, '01724583718'),
(555, '01725335257'),
(556, '01725556236'),
(557, '01725722062'),
(558, '01728338707'),
(559, '01730009170'),
(560, '01731906886'),
(561, '01731969917'),
(562, '01732087668'),
(563, '01734516712'),
(564, '01736560790'),
(565, '01737582499'),
(566, '01737700458'),
(567, '01738142949'),
(568, '01738320620'),
(569, '01740366722'),
(570, '01740959300'),
(571, '01743663930'),
(572, '01743702089'),
(573, '01745725240'),
(574, '01749737558'),
(575, '01750563134'),
(576, '01752640255'),
(577, '01757281764'),
(578, '01757494689'),
(579, '01759295019'),
(580, '01762349914'),
(581, '01762525445'),
(582, '01763706245'),
(583, '01765324344'),
(584, '01765900005'),
(585, '01768192226'),
(586, '01768838210'),
(587, '01769937057'),
(588, '01771796190'),
(589, '01772806121'),
(590, '01773399286'),
(591, '01775006810'),
(592, '01775021519'),
(593, '01775896276'),
(594, '01778117520'),
(595, '01779277675'),
(596, '01780242329'),
(597, '01781689489'),
(598, '01781952541'),
(599, '01783714877'),
(600, '01783991670'),
(601, '01786396990'),
(602, '01787408884'),
(603, '01787435049'),
(604, '01787884472'),
(605, '01795410789'),
(606, '01812257715'),
(607, '01819697146'),
(608, '01819724695'),
(609, '01828736738'),
(610, '01837956292'),
(611, '01838182148'),
(612, '01843904745'),
(613, '01843385238'),
(614, '01843904593'),
(615, '01846064698'),
(616, '01846158191'),
(617, '01849299326'),
(618, '01861433196'),
(619, '01861737368'),
(620, '01871100504'),
(621, '01910308151'),
(622, '01911462599'),
(623, '01911046896'),
(624, '01911130742'),
(625, '01911173706'),
(626, '01911334834'),
(627, '01912070224'),
(628, '01912136862'),
(629, '01912214154'),
(630, '01912536248'),
(631, '01912926317'),
(632, '01913170293'),
(633, '01913920301'),
(634, '01913040569'),
(635, '01913072316'),
(636, '01913365096'),
(637, '01913405227'),
(638, '01914305826'),
(639, '01915003844'),
(640, '01915564586'),
(641, '01915889396'),
(642, '01915003849'),
(643, '01915003866'),
(644, '01915090992'),
(645, '01915095448'),
(646, '01915738964'),
(647, '01915948216'),
(648, '01915951891'),
(649, '01916135887'),
(650, '01916223678'),
(651, '01917092996'),
(652, '01917467407'),
(653, '01917876660'),
(654, '01918019357'),
(655, '01918782957'),
(656, '01918786278'),
(657, '01918295706'),
(658, '01918816381'),
(659, '01920231992'),
(660, '01920332499'),
(661, '01920380385'),
(662, '01920436654'),
(663, '01920674203'),
(664, '01921156659'),
(665, '01921686665'),
(666, '01921777126'),
(667, '01921846607'),
(668, '01923188463'),
(669, '01923188673'),
(670, '01924225473'),
(671, '01924387638'),
(672, '01924402062'),
(673, '01925224288'),
(674, '01926318434'),
(675, '01926707855'),
(676, '01926865935'),
(677, '01927173032'),
(678, '01927797480'),
(679, '01928124478'),
(680, '01928454317'),
(681, '01929042157'),
(682, '01929042979'),
(683, '01931281221'),
(684, '01931296504'),
(685, '01931296899'),
(686, '01931627160'),
(687, '01932089408'),
(688, '01932269897'),
(689, '01932089407'),
(690, '01933199148'),
(691, '01933820481'),
(692, '01933821403'),
(693, '01935650109'),
(694, '01935773509'),
(695, '01936567787'),
(696, '01937225352'),
(697, '01937717779'),
(698, '01938611571'),
(699, '01940996797'),
(700, '01944741338'),
(701, '01946508820'),
(702, '01946536867'),
(703, '01946593504'),
(704, '01946596501'),
(705, '01948997715'),
(706, '01949642922'),
(707, '01949631024'),
(708, '01954566664'),
(709, '01954975350'),
(710, '01955867586'),
(711, '01956145874'),
(712, '01956445143'),
(713, '01961966971'),
(714, '01962850094'),
(715, '01963237161'),
(716, '01963594023'),
(717, '01964958267'),
(718, '01964150109'),
(719, '01964151373'),
(720, '01964644308'),
(721, '01964937822'),
(722, '01965848938'),
(723, '01966938694'),
(724, '01966939748'),
(725, '01966958043'),
(726, '01971123377'),
(727, '01971509046'),
(728, '01971700139'),
(729, '01975460460'),
(730, '01977662888'),
(731, '01977667725'),
(732, '01981698240'),
(733, '01982857009'),
(734, '01982447669'),
(735, '01983655945'),
(736, '01983663929'),
(737, '01985413751'),
(738, '01985531626'),
(739, '01986237729'),
(740, '01986571099'),
(741, '01987448664'),
(742, '01987259893'),
(743, '01987454873'),
(744, '01988979497'),
(745, '01988030639'),
(746, '01988487447'),
(747, '01989606717'),
(748, '042161785'),
(749, '042162504'),
(750, '042151070'),
(751, '042162180'),
(752, '042164757'),
(753, '492'),
(754, '8691'),
(755, '98422068');

--
-- Indexes for dumped tables
--

--
-- Indexes for table `contacts`
--
ALTER TABLE `contacts`
  ADD PRIMARY KEY (`ID`),
  ADD KEY `NAMEID` (`NAMEID`),
  ADD KEY `NUMBERID` (`NUMBERID`);

--
-- Indexes for table `location`
--
ALTER TABLE `location`
  ADD PRIMARY KEY (`ID`),
  ADD KEY `NUMBERID` (`NUMBERID`);

--
-- Indexes for table `name`
--
ALTER TABLE `name`
  ADD PRIMARY KEY (`ID`);

--
-- Indexes for table `number`
--
ALTER TABLE `number`
  ADD PRIMARY KEY (`ID`);

--
-- AUTO_INCREMENT for dumped tables
--

--
-- AUTO_INCREMENT for table `contacts`
--
ALTER TABLE `contacts`
  MODIFY `ID` int(11) NOT NULL AUTO_INCREMENT, AUTO_INCREMENT=2245;
--
-- AUTO_INCREMENT for table `location`
--
ALTER TABLE `location`
  MODIFY `ID` int(11) NOT NULL AUTO_INCREMENT;
--
-- AUTO_INCREMENT for table `name`
--
ALTER TABLE `name`
  MODIFY `ID` int(11) NOT NULL AUTO_INCREMENT, AUTO_INCREMENT=1360;
--
-- AUTO_INCREMENT for table `number`
--
ALTER TABLE `number`
  MODIFY `ID` int(11) NOT NULL AUTO_INCREMENT, AUTO_INCREMENT=756;
--
-- Constraints for dumped tables
--

--
-- Constraints for table `contacts`
--
ALTER TABLE `contacts`
  ADD CONSTRAINT `contacts_ibfk_1` FOREIGN KEY (`NAMEID`) REFERENCES `name` (`ID`) ON DELETE CASCADE ON UPDATE CASCADE,
  ADD CONSTRAINT `contacts_ibfk_2` FOREIGN KEY (`NUMBERID`) REFERENCES `number` (`ID`) ON DELETE CASCADE ON UPDATE CASCADE;

--
-- Constraints for table `location`
--
ALTER TABLE `location`
  ADD CONSTRAINT `location_ibfk_1` FOREIGN KEY (`NUMBERID`) REFERENCES `number` (`ID`) ON DELETE CASCADE ON UPDATE CASCADE;

/*!40101 SET CHARACTER_SET_CLIENT=@OLD_CHARACTER_SET_CLIENT */;
/*!40101 SET CHARACTER_SET_RESULTS=@OLD_CHARACTER_SET_RESULTS */;
/*!40101 SET COLLATION_CONNECTION=@OLD_COLLATION_CONNECTION */;
